Date,AdjClose,Return
2016-04-01,39.145954,
2016-04-04,38.903717,-0.006188047
2016-04-05,38.410622,-0.012674753
2016-04-06,38.825871,0.010810786
2016-04-07,38.471172,-0.009135635
2016-04-08,38.773952,0.007870309
2016-04-11,38.782608,0.000223243
2016-04-12,39.145954,0.009368787
2016-04-13,39.535244,0.009944578
2016-04-14,39.535244,0
2016-04-15,39.543896,0.000218843
2016-04-18,39.777473,0.005906778
2016-04-19,40.054314,0.006959743
2016-04-20,40.037018,-0.000431814
2016-04-21,39.863983,-0.004321875
2016-04-22,39.863983,0
2016-04-25,39.725563,-0.003472307
2016-04-26,39.863983,0.003484406
2016-04-27,39.941845,0.001953192
2016-04-28,39.535244,-0.010179825
2016-04-29,39.440083,-0.002406992
2016-05-02,39.656361,0.005483711
2016-05-03,39.267063,-0.009816786
2016-05-04,38.972931,-0.007490553
2016-05-05,38.990227,0.000443795
2016-05-06,39.085403,0.002441022
2016-05-09,39.042145,-0.001106756
2016-05-10,39.500645,0.01174372
2016-05-11,39.197853,-0.007665495
2016-05-12,39.154602,-0.001103402
2016-05-13,38.903717,-0.006407548
2016-05-16,39.23246,0.008450169
2016-05-17,38.964291,-0.006835386
2016-05-18,38.929676,-0.000888378
2016-05-19,38.773952,-0.004000136
2016-05-20,38.981583,0.005354909
2016-05-24,39.370872,0.009986485
2016-05-25,39.630409,0.006592107
2016-05-26,39.708271,0.001964703
2016-05-27,39.690968,-0.000435753
2016-05-31,39.699612,0.000217783
2016-06-01,39.690968,-0.000217735
2016-06-02,39.786137,0.00239775
2016-06-03,39.872639,0.002174174
2016-06-06,40.054314,0.004556383
2016-06-07,40.210026,0.003887521
2016-06-08,40.322495,0.002797039
2016-06-09,40.17543,-0.00364722
2016-06-10,39.595814,-0.014427126
2016-06-13,39.171906,-0.010705879
2016-06-14,39.050797,-0.003091731
2016-06-15,39.128651,0.00199366
2016-06-16,39.154602,0.000663222
2016-06-17,39.171906,0.00044194
2016-06-20,39.656361,0.012367409
2016-06-21,39.751522,0.00239964
2016-06-22,39.777473,0.00065283
2016-06-23,40.357094,0.014571589
2016-06-24,38.592289,-0.043729734
2016-06-27,38.081871,-0.013225906
2016-06-28,38.739357,0.017265066
2016-06-29,39.189213,0.011612377
2016-06-30,39.68232,0.012582723
2016-07-05,39.483345,-0.005014198
2016-07-06,39.51215,0.000729548
2016-07-07,39.451042,-0.001546562
2016-07-08,39.896179,0.011283276
2016-07-11,40.254028,0.008969506
2016-07-12,40.559517,0.007589029
2016-07-13,40.533329,-0.000645668
2016-07-14,40.716629,0.004522204
2016-07-15,40.629341,-0.002143792
2016-07-18,40.629341,0
2016-07-19,40.524597,-0.002578038
2016-07-20,40.777721,0.006246182
2016-07-21,40.646805,-0.003210479
2016-07-22,40.76899,0.003006017
2016-07-25,40.672977,-0.00235505
2016-07-26,40.751541,0.001931602
2016-07-27,40.847542,0.002355764
2016-07-28,40.864998,0.000427345
2016-07-29,41.091927,0.005553139
2016-08-02,40.655525,-0.01062014
2016-08-03,40.751541,0.002361696
2016-08-04,40.812626,0.001498962
2016-08-05,41.091927,0.006843495
2016-08-08,41.12685,0.000849875
2016-08-09,41.275227,0.003607789
2016-08-10,41.257763,-0.000423111
2016-08-11,41.510887,0.006135185
2016-08-12,41.484692,-0.000631039
2016-08-15,41.580708,0.002314492
2016-08-16,41.423603,-0.003778315
2016-08-17,41.38868,-0.00084307
2016-08-18,41.563248,0.004217772
2016-08-19,41.458508,-0.002520015
2016-08-22,41.441055,-0.000420975
2016-08-23,41.528343,0.002106317
2016-08-24,41.327595,-0.004834
2016-08-25,41.301414,-0.000633499
2016-08-26,41.179211,-0.002958809
2016-08-29,41.362503,0.004451081
2016-08-30,41.257763,-0.002532245
2016-08-31,41.196667,-0.001480836
2016-09-01,41.301414,0.002542609
2016-09-02,41.571972,0.006550817
2016-09-06,41.755272,0.004409221
2016-09-07,41.772713,0.000417696
2016-09-08,41.702896,-0.001671354
2016-09-09,40.803902,-0.021557112
2016-09-12,41.249043,0.010909275
2016-09-13,40.611889,-0.015446516
2016-09-14,40.638065,0.00064454
2016-09-15,40.969738,0.008161634
2016-09-16,40.70789,-0.006391254
2016-09-19,40.838818,0.003216281
2016-09-20,40.873734,0.000854971
2016-09-21,41.414883,0.013239529
2016-09-22,41.711624,0.007165081
2016-09-23,41.441055,-0.006486657
2016-09-26,41.135571,-0.00737153
2016-09-27,41.371235,0.005728959
2016-09-28,41.580708,0.005063252
2016-09-29,41.222847,-0.008606419
2016-09-30,41.441055,0.005293375
2016-10-03,41.38868,-0.001263843
2016-10-04,41.23024,-0.0038281
2016-10-05,41.405315,0.004246277
2016-10-06,41.352798,-0.001268364
2016-10-07,41.238995,-0.002752002
2016-10-11,40.897606,-0.008278306
2016-10-12,40.897606,0
2016-10-13,40.7663,-0.003210604
2016-10-14,40.775051,0.000214663
2016-10-17,40.687511,-0.002146901
2016-10-18,40.950119,0.006454266
2016-10-19,41.098938,0.003634153
2016-10-20,41.090183,-0.000213023
2016-10-21,41.063923,-0.000639082
2016-10-24,41.125202,0.001492283
2016-10-25,41.046406,-0.001916003
2016-10-26,40.923855,-0.002985669
2016-10-27,40.783806,-0.003422185
2016-10-28,40.705013,-0.001931968
2016-10-31,40.7663,0.001505638
2016-11-01,40.564957,-0.004938957
2016-11-02,40.302341,-0.006473962
2016-11-03,40.249821,-0.00130315
2016-11-04,40.101009,-0.003697209
2016-11-07,40.705013,0.015062065
2016-11-08,40.775051,0.001720623
2016-11-09,40.906353,0.003220155
2016-11-10,40.687511,-0.005349829
2016-11-14,40.468666,-0.005378678
2016-11-15,40.722515,0.00627273
2016-11-16,40.652493,-0.001719491
2016-11-17,40.7663,0.002799509
2016-11-18,40.58247,-0.004509362
2016-11-21,40.871349,0.00711832
2016-11-22,41.028908,0.003854999
2016-11-23,40.906353,-0.00298704
2016-11-25,41.020157,0.002782062
2016-11-28,40.871349,-0.00362768
2016-11-29,41.07267,0.004925724
2016-11-30,40.967628,-0.002557467
2016-12-01,40.810059,-0.003846183
2016-12-02,40.871349,0.001501836
2016-12-05,41.055172,0.004497601
2016-12-06,41.27401,0.005330339
2016-12-07,41.737965,0.011240851
2016-12-08,41.7117,-0.000629283
2016-12-09,41.816738,0.00251819
2016-12-12,41.764225,-0.001255789
2016-12-13,42.070606,0.007335968
2016-12-14,41.61541,-0.010819811
2016-12-15,41.667931,0.001262057
2016-12-16,41.624157,-0.001050544
2016-12-19,41.632919,0.000210503
2016-12-20,41.790485,0.003784649
2016-12-21,41.737965,-0.001256745
2016-12-22,41.641666,-0.002307228
2016-12-23,41.7117,0.001681825
2016-12-28,41.608158,-0.002482325
2016-12-29,41.661083,0.001271986
2016-12-30,41.652271,-0.000211516
2017-01-03,41.846329,0.004659002
2017-01-04,42.181515,0.008009926
2017-01-05,42.340302,0.003764374
2017-01-06,42.287369,-0.00125018
2017-01-09,42.163876,-0.002920328
2017-01-10,42.207977,0.001045943
2017-01-11,42.393223,0.004388886
2017-01-12,42.349113,-0.001040496
2017-01-13,42.428509,0.001874797
2017-01-17,42.305008,-0.002910802
2017-01-18,42.287369,-0.000416948
2017-01-19,42.172703,-0.00271159
2017-01-20,42.296188,0.002928079
2017-01-23,42.384399,0.002085554
2017-01-24,42.569633,0.004370334
2017-01-25,42.825447,0.006009307
2017-01-26,42.790161,-0.000823949
2017-01-27,42.728413,-0.001443042
2017-01-30,42.507889,-0.005161062
2017-01-31,42.499065,-0.000207585
2017-02-01,42.622566,0.00290597
2017-02-02,42.578457,-0.001034874
2017-02-03,42.860729,0.006629456
2017-02-06,42.693127,-0.003910386
2017-02-07,42.684303,-0.000206684
2017-02-08,42.746071,0.001447089
2017-02-09,42.887184,0.003301192
2017-02-10,43.090069,0.004730667
2017-02-13,43.21357,0.002866113
2017-02-14,43.275303,0.001428556
2017-02-15,43.495842,0.005096186
2017-02-16,43.389988,-0.002433658
2017-02-17,43.487011,0.002236069
2017-02-21,43.645786,0.00365109
2017-02-22,43.619331,-0.00060613
2017-02-23,43.672245,0.001213086
2017-02-24,43.592861,-0.001817722
2017-02-27,43.619331,0.00060721
2017-02-28,43.531109,-0.002022544
2017-03-01,43.928059,0.009118766
2017-03-02,43.636963,-0.006626653
2017-03-03,43.769283,0.003032292
2017-03-06,43.65461,-0.002619942
2017-03-07,43.513477,-0.003232946
2017-03-08,43.398804,-0.002635344
2017-03-09,43.434086,0.000812972
2017-03-10,43.592861,0.003655539
2017-03-13,43.716358,0.002832964
2017-03-14,43.557579,-0.003632027
2017-03-15,43.963333,0.009315348
2017-03-16,44.078011,0.002608492
2017-03-17,44.095654,0.000400268
2017-03-20,44.060368,-0.000800215
2017-03-21,43.733997,-0.00740736
2017-03-22,43.769283,0.000806832
2017-03-23,43.848663,0.001813601
2017-03-24,43.892773,0.00100596
2017-03-27,43.866318,-0.000602719
2017-03-28,44.069187,0.00462471
2017-03-29,44.130936,0.001401183
2017-03-30,44.122116,-0.00019986
2017-03-31,44.05154,-0.001599561
2017-04-03,44.060368,0.000200402
2017-04-04,43.995819,-0.001465013
2017-04-05,43.933907,-0.001407225
2017-04-06,43.96928,0.000805141
2017-04-07,43.925068,-0.00100552
2017-04-10,43.916222,-0.000201388
2017-04-11,44.0135,0.002215081
2017-04-12,43.898537,-0.002611994
2017-04-13,43.695141,-0.004633321
2017-04-17,43.995819,0.006881269
2017-04-18,43.872002,-0.00281429
2017-04-19,43.774719,-0.002217428
2017-04-20,44.031185,0.00585877
2017-04-21,43.995819,-0.000803203
2017-04-24,44.526421,0.012060282
2017-04-25,44.800564,0.006156861
2017-04-26,44.75634,-0.00098713
2017-04-27,44.791718,0.000790458
2017-04-28,44.738655,-0.001184661
2017-05-01,44.844776,0.00237202
2017-05-02,44.897839,0.001183259
2017-05-03,44.862465,-0.000787878
2017-05-04,44.880157,0.000394361
2017-05-05,45.171986,0.006502406
2017-05-08,45.021637,-0.003328368
2017-05-09,45.065865,0.000982372
2017-05-10,45.101234,0.000784829
2017-05-11,45.048172,-0.001176509
2017-05-12,45.127766,0.001766864
2017-05-15,45.322319,0.00431116
2017-05-16,45.410751,0.00195118
2017-05-17,44.880157,-0.011684326
2017-05-18,44.853619,-0.000591308
2017-05-19,45.216198,0.008083606
2017-05-23,45.366543,0.003325025
2017-05-24,45.525715,0.003508577
2017-05-25,45.605312,0.001748396
2017-05-26,45.525715,-0.001745345
2017-05-30,45.552246,0.00058277
2017-05-31,45.552246,0
2017-06-01,45.84409,0.006406797
2017-06-02,46.100536,0.005593873
2017-06-05,45.923664,-0.003836658
2017-06-06,45.923664,0
2017-06-07,45.897144,-0.00057748
2017-06-08,45.967884,0.001541272
2017-06-09,45.870609,-0.002116151
2017-06-12,45.782177,-0.001927858
2017-06-13,46.003262,0.004829063
2017-06-14,46.012112,0.000192378
2017-06-15,45.764492,-0.005381626
2017-06-16,45.897144,0.002898579
2017-06-19,46.118221,0.004816792
2017-06-20,45.773331,-0.007478389
2017-06-21,45.835236,0.001352425
2017-06-22,45.835236,0
2017-06-23,45.914825,0.001736415
2017-06-26,46.003262,0.00192611
2017-06-27,45.720268,-0.006151607
2017-06-28,46.029793,0.006769973
2017-06-29,45.649517,-0.008261519
2017-06-30,45.79987,0.003293638
2017-07-05,45.84409,0.000965505
2017-07-06,45.529503,-0.006862106
2017-07-07,45.680992,0.003327271
2017-07-10,45.752289,0.001560759
2017-07-11,45.796841,0.000973765
2017-07-12,46.13549,0.007394593
2017-07-13,46.224606,0.001931615
2017-07-14,46.465221,0.005205345
2017-07-17,46.367199,-0.002109578
2017-07-18,46.509777,0.003074975
2017-07-19,46.732567,0.004790176
2017-07-20,46.705833,-0.000572064
2017-07-21,46.732567,0.000572391
2017-07-24,46.705833,-0.000572064
2017-07-25,46.705833,0
2017-07-26,46.812778,0.002289757
2017-07-27,46.759308,-0.00114221
2017-07-28,46.777126,0.000381058
2017-07-31,46.777126,0
2017-08-01,46.90189,0.002667201
2017-08-02,46.964268,0.001329968
2017-08-03,46.928619,-0.000759066
2017-08-04,46.991009,0.001329466
2017-08-08,46.892986,-0.002085995
2017-08-09,46.812778,-0.001710448
2017-08-10,46.269165,-0.011612492
2017-08-11,46.295902,0.000577858
2017-08-14,46.661274,0.007892102
2017-08-15,46.527599,-0.002864795
2017-08-16,46.750393,0.004788427
2017-08-17,46.233517,-0.011056078
2017-08-18,46.295902,0.001349346
2017-08-21,46.304817,0.000192566
2017-08-22,46.607815,0.006543552
2017-08-23,46.563248,-0.000956213
2017-08-24,46.491955,-0.0015311
2017-08-25,46.661274,0.003641899
2017-08-28,46.625633,-0.000763824
2017-08-29,46.598892,-0.000573526
2017-08-30,46.723663,0.002677553
2017-08-31,46.999916,0.005912486
2017-09-01,47.071209,0.001516875
2017-09-05,46.812778,-0.005490214
2017-09-06,46.946442,0.002855289
2017-09-07,47.106861,0.003417064
2017-09-08,47.017738,-0.001891932
2017-09-11,47.409855,0.008339767
2017-09-12,47.481152,0.001503843
2017-09-13,47.436584,-0.000938646
2017-09-14,47.472229,0.000751424
2017-09-15,47.525707,0.001126511
2017-09-18,47.614819,0.001875027
2017-09-19,47.703938,0.001871665
2017-09-20,47.588089,-0.0024285
2017-09-21,47.570263,-0.00037459
2017-09-22,47.552441,-0.000374646
2017-09-25,47.445507,-0.002248759
2017-09-26,47.40094,-0.00093933
2017-09-27,47.418762,0.000375984
2017-09-28,47.552441,0.002819116
2017-09-29,47.748493,0.004122859
2017-10-02,47.82869,0.001679571
2017-10-03,47.986889,0.003307617
2017-10-04,47.915398,-0.001489803
2017-10-05,48.103085,0.00391705
2017-10-06,48.067329,-0.00074332
2017-10-10,48.255035,0.003905064
2017-10-11,48.344406,0.001852055
2017-10-12,48.317593,-0.000554625
2017-10-13,48.487415,0.003514703
2017-10-16,48.496346,0.000184192
2017-10-17,48.44273,-0.001105568
2017-10-18,48.496346,0.001106791
2017-10-19,48.380161,-0.002395748
2017-10-20,48.496346,0.002401501
2017-10-23,48.389095,-0.002211527
2017-10-24,48.44273,0.001108411
2017-10-25,48.219284,-0.004612581
2017-10-26,48.317593,0.00203879
2017-10-27,48.541035,0.004624444
2017-10-30,48.451653,-0.00184137
2017-10-31,48.567848,0.002398164
2017-11-01,48.692986,0.002576561
2017-11-02,48.728733,0.00073413
2017-11-03,48.755543,0.000550189
2017-11-06,48.889606,0.002749698
2017-11-07,48.782364,-0.002193554
2017-11-08,48.835983,0.001099147
2017-11-09,48.630417,-0.004209314
2017-11-10,48.567848,-0.001286623
2017-11-14,48.460602,-0.002208169
2017-11-15,48.263958,-0.004057812
2017-11-16,48.666172,0.008333631
2017-11-17,48.603607,-0.001285595
2017-11-20,48.692986,0.001838938
2017-11-21,48.996861,0.006240632
2017-11-22,48.98793,-0.000182277
2017-11-24,49.157753,0.003466629
2017-11-27,49.041557,-0.002363737
2017-11-28,49.256058,0.004373862
2017-11-29,49.139866,-0.002358938
2017-11-30,49.363316,0.004547224
2017-12-01,49.300755,-0.001267358
2017-12-04,49.166683,-0.002719472
2017-12-05,49.12199,-0.00090901
2017-12-06,48.970047,-0.003093177
2017-12-07,49.104122,0.002737898
2017-12-08,49.309692,0.00418641
2017-12-11,49.390121,0.001631099
2017-12-12,49.425877,0.00072395
2017-12-13,49.542065,0.002350752
2017-12-14,49.372253,-0.003427633
2017-12-15,49.470562,0.001991179
2017-12-18,49.890644,0.008491555
2017-12-19,49.738705,-0.003045441
2017-12-20,49.676136,-0.001257954
2017-12-21,49.828083,0.003058752
2017-12-22,49.854893,0.00053805
2017-12-27,49.881706,0.000537821
2017-12-28,50.032055,0.003014111
2017-12-29,50.004211,-0.000556523
2018-01-02,50.310467,0.006124604
2018-01-03,50.551769,0.004796258
2018-01-04,50.820904,0.005323948
2018-01-05,51.080769,0.005113349
2018-01-08,51.034363,-0.000908483
2018-01-09,51.117893,0.00163674
2018-01-10,51.015804,-0.001997128
2018-01-11,51.312778,0.005821216
2018-01-12,51.600483,0.005606888
2018-01-16,51.554077,-0.000899333
2018-01-17,51.851063,0.00576067
2018-01-18,51.813942,-0.000715916
2018-01-19,51.906742,0.001791024
2018-01-22,52.277977,0.007151961
2018-01-23,52.426464,0.002840336
2018-01-24,52.491436,0.001239298
2018-01-25,52.463589,-0.000530506
2018-01-26,52.825535,0.006898994
2018-01-29,52.491436,-0.006324574
2018-01-30,52.055233,-0.008309984
2018-01-31,52.092361,0.000713242
2018-02-01,51.971714,-0.002316021
2018-02-02,51.052925,-0.017678636
2018-02-05,49.456657,-0.031266925
2018-02-06,50.134129,0.013698297
2018-02-07,49.781467,-0.00703437
2018-02-08,48.556435,-0.024608194
2018-02-09,48.77916,0.004586931
2018-02-12,49.391693,0.012557268
2018-02-13,49.530899,0.002818409
2018-02-14,50.087742,0.011242336
2018-02-15,50.579609,0.009820107
2018-02-16,50.681702,0.002018462
2018-02-20,50.366158,-0.006225995
2018-02-21,50.180538,-0.003685411
2018-02-22,50.254787,0.001479637
2018-02-23,50.746662,0.009787625
2018-02-26,51.20142,0.008961338
2018-02-27,50.542492,-0.012869331
2018-02-28,50.134129,-0.008079598
2018-03-01,49.679382,-0.009070607
2018-03-02,49.827873,0.002988986
2018-03-05,50.097015,0.005401435
2018-03-06,50.347591,0.005001815
2018-03-07,50.291908,-0.001105971
2018-03-08,50.468239,0.003506151
2018-03-09,51.034363,0.011217431
2018-03-12,51.071487,0.000727431
2018-03-13,50.802341,-0.005269986
2018-03-14,50.7281,-0.00146137
2018-03-15,50.718819,-0.000182956
2018-03-16,50.718819,0
2018-03-19,50.217663,-0.009881066
2018-03-20,50.282631,0.001293728
2018-03-21,50.245502,-0.000738406
2018-03-22,49.42881,-0.016254032
2018-03-23,48.723476,-0.014269694
2018-03-26,49.623703,0.018476247
2018-03-27,48.983334,-0.012904498
2018-03-28,49.131821,0.003031378
2018-03-29,49.651543,0.010578114
2018-04-02,48.909084,-0.014953392
2018-04-03,49.308361,0.008163657
2018-04-04,49.624802,0.006417593
2018-04-05,49.866772,0.004875989
2018-04-06,49.233913,-0.012690996
2018-04-09,49.457275,0.004536751
2018-04-10,50.015694,0.011290937
2018-04-11,49.848167,-0.003349489
2018-04-12,50.062225,0.0042942
2018-04-13,49.894707,-0.003346196
2018-04-16,50.164604,0.005409331
2018-04-17,50.508957,0.006864462
2018-04-18,50.61134,0.002027027
2018-04-19,50.387966,-0.004413517
2018-04-20,50.062225,-0.006464659
2018-04-23,50.015694,-0.000929463
2018-04-24,49.634109,-0.007629305
2018-04-25,49.58757,-0.000937641
2018-04-26,49.876091,0.005818414
2018-04-27,49.978462,0.002052506
2018-04-30,49.764404,-0.004283005
2018-05-01,49.736485,-0.000561023
2018-05-02,49.559654,-0.003555358
2018-05-03,49.494503,-0.001314598
2018-05-04,49.773712,0.005641212
2018-05-07,49.838856,0.001308803
2018-05-08,49.904007,0.001307233
2018-05-09,50.136684,0.004662491
2018-05-10,50.481041,0.006868364
2018-05-11,50.620644,0.002765454
2018-05-14,50.639259,0.000367735
2018-05-15,50.294903,-0.006800178
2018-05-16,50.471733,0.003515863
2018-05-17,50.350742,-0.002397203
2018-05-18,50.322815,-0.000554649
2018-05-22,50.536884,0.004253915
2018-05-23,50.462429,-0.00147328
2018-05-24,50.332127,-0.002582159
2018-05-25,50.211136,-0.002403852
2018-05-29,49.699257,-0.010194531
2018-05-30,50.192524,0.009925038
2018-05-31,49.969151,-0.004450324
2018-06-01,50.322815,0.007077647
2018-06-04,50.462429,0.002774368
2018-06-05,50.499649,0.000737578
2018-06-06,50.806786,0.006081963
2018-06-07,50.713715,-0.001831862
2018-06-08,50.788174,0.001468222
2018-06-11,50.909161,0.002382188
2018-06-12,50.806786,-0.002010935
2018-06-13,50.76955,-0.000732894
2018-06-14,50.704411,-0.001283033
2018-06-15,50.592731,-0.00220257
2018-06-18,50.425198,-0.003311405
2018-06-19,50.173912,-0.004983342
2018-06-20,50.229759,0.001113068
2018-06-21,49.959846,-0.005373567
2018-06-22,50.201836,0.00484369
2018-06-25,49.634109,-0.011308889
2018-06-26,49.717865,0.001687469
2018-06-27,49.317661,-0.008049501
2018-06-28,49.494503,0.003585774
2018-06-29,49.699257,0.004136904
2018-07-03,49.449764,-0.005020055
2018-07-05,49.825447,0.007597266
2018-07-06,50.182354,0.007163147
2018-07-09,50.539257,0.007112122
2018-07-10,50.623783,0.001672482
2018-07-11,50.163559,-0.009091063
2018-07-12,50.511074,0.006927638
2018-07-13,50.586212,0.001487555
2018-07-16,50.511074,-0.001485345
2018-07-17,50.642563,0.002603172
2018-07-18,50.708317,0.001298394
2018-07-19,50.539257,-0.00333397
2018-07-20,50.642563,0.002044074
2018-07-23,50.539257,-0.002039905
2018-07-24,50.84919,0.00613252
2018-07-25,51.187309,0.006649447
2018-07-26,51.055824,-0.002568703
2018-07-27,50.943115,-0.002207564
2018-07-30,50.811623,-0.002581154
2018-07-31,50.961895,0.002957434
2018-08-01,50.839806,-0.002395692
2018-08-02,50.830406,-0.000184894
2018-08-03,50.961895,0.002586818
2018-08-07,51.065212,0.002027338
2018-08-08,51.055824,-0.000183843
2018-08-09,51.083996,0.000551788
2018-08-10,50.567432,-0.010112052
2018-08-13,50.35141,-0.004271959
2018-08-14,50.558041,0.004103778
2018-08-15,50.069649,-0.009660026
2018-08-16,50.313839,0.004877006
2018-08-17,50.548645,0.004666827
2018-08-20,50.745876,0.003901806
2018-08-21,50.924335,0.003516719
2018-08-22,51.074604,0.002950829
2018-08-23,50.821018,-0.004965012
2018-08-24,51.055824,0.004620254
2018-08-27,51.469067,0.008093944
2018-08-28,51.459679,-0.000182401
2018-08-29,51.656921,0.003832943
2018-08-30,51.300014,-0.006909181
2018-08-31,51.318806,0.000366316
2018-09-04,50.943115,-0.007320728
2018-09-05,50.727093,-0.004240455
2018-09-06,50.689533,-0.000740433
2018-09-07,50.482903,-0.004076384
2018-09-10,50.586212,0.002046416
2018-09-11,50.670742,0.001671009
2018-09-12,50.783443,0.002224183
2018-09-13,51.027649,0.004808772
2018-09-14,51.018257,-0.000184057
2018-09-17,50.896156,-0.002393281
2018-09-18,51.196705,0.005905141
2018-09-19,51.300014,0.002017884
2018-09-20,51.609962,0.00604187
2018-09-21,51.638134,0.000545864
2018-09-24,51.47847,-0.003091978
2018-09-25,51.487854,0.00018229
2018-09-26,51.393932,-0.001824158
2018-09-27,51.516033,0.002375786
2018-09-28,51.30941,-0.004010848
2018-10-01,51.41272,0.002013471
2018-10-02,51.260101,-0.002968507
2018-10-03,51.222412,-0.00073525
2018-10-04,50.704262,-0.010115689
2018-10-05,50.496994,-0.004087783
2018-10-09,50.355679,-0.002798483
2018-10-10,49.196888,-0.023012121
2018-10-11,48.527985,-0.013596449
2018-10-12,48.942516,0.008542102
2018-10-15,48.857727,-0.00173242
2018-10-16,49.564312,0.014462093
2018-10-17,49.375885,-0.003801667
2018-10-18,48.735252,-0.012974613
2018-10-19,48.867142,0.002706255
2018-10-22,48.72583,-0.002891759
2018-10-23,48.480881,-0.005027087
2018-10-24,47.293827,-0.024484992
2018-10-25,47.962723,0.01414341
2018-10-26,47.435139,-0.010999876
2018-10-29,47.190197,-0.005163725
2018-10-30,47.802574,0.012976784
2018-10-31,48.075779,0.005715278
2018-11-01,48.688148,0.012737578
2018-11-02,48.527985,-0.003289569
2018-11-05,48.688148,0.003300426
2018-11-06,48.88599,0.004063453
2018-11-07,49.601994,0.014646405
2018-11-08,49.319355,-0.005698138
2018-11-09,48.961357,-0.007258773
2018-11-13,48.283039,-0.01385415
2018-11-14,48.217091,-0.001365863
2018-11-15,48.509144,0.006057043
2018-11-16,48.678722,0.003495795
2018-11-19,48.047508,-0.012966939
2018-11-20,47.397461,-0.013529255
2018-11-21,47.7272,0.006956892
2018-11-23,47.463406,-0.005527121
2018-11-26,48.056927,0.012504813
2018-11-27,48.06636,0.000196288
2018-11-28,48.848305,0.01626803
2018-11-29,48.72583,-0.002507252
2018-11-30,48.801201,0.001546839
2018-12-03,49.262833,0.009459439
2018-12-04,48.151142,-0.022566526
2018-12-06,47.943882,-0.004304363
2018-12-07,47.36919,-0.011986764
2018-12-10,47.237297,-0.002784363
2018-12-11,47.227882,-0.000199313
2018-12-12,47.614147,0.008178749
2018-12-13,47.623562,0.000197735
2018-12-14,47.001778,-0.013056226
2018-12-17,46.42709,-0.012226942
2018-12-18,46.436508,0.000202856
2018-12-19,46.040821,-0.008521033
2018-12-20,45.654564,-0.008389446
2018-12-21,45.023346,-0.013825956
2018-12-24,44.316761,-0.015693747
2018-12-27,45.758194,0.032525685
2018-12-28,45.872066,0.00248856
2018-12-31,46.071339,0.004344103
2019-01-02,46.080837,0.000206159
2019-01-03,45.511467,-0.012355895
2019-01-04,46.631218,0.024603711
2019-01-07,46.821014,0.004070149
2019-01-08,47.115177,0.006282713
2019-01-09,47.485271,0.007855091
2019-01-10,47.589657,0.002198282
2019-01-11,47.456806,-0.002791594
2019-01-14,47.314465,-0.00299938
2019-01-15,47.589657,0.005816234
2019-01-16,47.722507,0.002791573
2019-01-17,47.959747,0.004971239
2019-01-18,48.415245,0.009497506
2019-01-22,47.826893,-0.012152205
2019-01-23,47.969234,0.002976171
2019-01-24,48.102081,0.002769421
2019-01-25,48.462685,0.00749664
2019-01-28,48.196983,-0.00548261
2019-01-29,48.234932,0.000787373
2019-01-30,48.794815,0.011607418
2019-01-31,49.070011,0.005639862
2019-02-01,48.994095,-0.001547096
2019-02-04,49.202862,0.004261065
2019-02-05,49.487545,0.005785903
2019-02-06,49.316738,-0.003451515
2019-02-07,48.927673,-0.007889107
2019-02-08,48.880219,-0.000969881
2019-02-11,48.956139,0.001553185
2019-02-12,49.326229,0.007559624
2019-02-13,49.383167,0.001154315
2019-02-14,49.411629,0.00057635
2019-02-15,49.781719,0.007489937
2019-02-19,49.99049,0.004193728
2019-02-20,50.113853,0.002467729
2019-02-21,49.962029,-0.003029581
2019-02-22,50.246708,0.005697907
2019-02-25,50.28466,0.000755313
2019-02-26,50.322613,0.000754763
2019-02-27,50.256199,-0.001319765
2019-02-28,50.056915,-0.003965362
2019-03-01,50.313133,0.005118534
2019-03-04,50.161297,-0.00301782
2019-03-05,50.28466,0.002459326
2019-03-06,50.009468,-0.005472683
2019-03-07,49.620399,-0.007779907
2019-03-08,49.525509,-0.001912318
2019-03-11,50.009468,0.009771914
2019-03-12,50.15181,0.002846301
2019-03-13,50.427006,0.00548726
2019-03-14,50.38905,-0.000752692
2019-03-15,50.626278,0.004707928
2019-03-18,50.835049,0.004123768
2019-03-19,50.816071,-0.000373325
2019-03-20,50.797089,-0.000373543
2019-03-21,51.138714,0.006725287
2019-03-22,50.303638,-0.016329625
2019-03-25,50.322613,0.000377209
2019-03-26,50.550365,0.004525838
2019-03-27,50.474453,-0.00150171
2019-03-28,50.569347,0.00188004
2019-03-29,50.787601,0.004315935
2019-04-01,51.243095,0.008968606
2019-04-02,51.299278,0.001096401
2019-04-03,51.432568,0.002598282
2019-04-04,51.461124,0.000555212
2019-04-05,51.680111,0.004255387
2019-04-08,51.737244,0.001105512
2019-04-09,51.508732,-0.00441678
2019-04-10,51.613461,0.002033228
2019-04-11,51.613461,0
2019-04-12,51.889576,0.00534967
2019-04-15,51.85149,-0.000733982
2019-04-16,51.889576,0.000734521
2019-04-17,51.908623,0.000367068
2019-04-18,51.861023,-0.000916996
2019-04-22,51.899094,0.000734097
2019-04-23,52.099037,0.003852534
2019-04-24,52.041908,-0.001096546
2019-04-25,51.927662,-0.002195269
2019-04-26,52.118076,0.003666909
2019-04-29,52.194248,0.001461527
2019-04-30,52.260899,0.00127698
2019-05-01,51.841969,-0.008016127
2019-05-02,51.85149,0.000183654
2019-05-03,52.251377,0.00771216
2019-05-06,51.975269,-0.005284224
2019-05-07,51.299278,-0.013006013
2019-05-08,51.280231,-0.000371292
2019-05-09,51.061245,-0.004270379
2019-05-10,51.232624,0.003356342
2019-05-13,50.280518,-0.018583979
2019-05-14,50.661362,0.007574385
2019-05-15,50.842262,0.003570769
2019-05-16,51.108849,0.005243413
2019-05-17,50.756577,-0.006892583
2019-05-21,50.899387,0.002813626
2019-05-22,50.804176,-0.001870573
2019-05-23,50.299568,-0.009932412
2019-05-24,50.556629,0.005110601
2019-05-28,50.194836,-0.007156193
2019-05-29,50.071068,-0.002465752
2019-05-30,50.175793,0.002091527
2019-05-31,49.87112,-0.006072111
2019-06-03,49.87112,0
2019-06-04,50.585194,0.014318387
2019-06-05,50.651848,0.001317658
2019-06-06,50.899387,0.004887067
2019-06-07,51.337349,0.008604465
2019-06-10,51.508732,0.003338369
2019-06-11,51.603947,0.001848522
2019-06-12,51.337349,-0.005166233
2019-06-13,51.508732,0.003338369
2019-06-14,51.394478,-0.002218148
2019-06-17,51.384968,-0.000185039
2019-06-18,51.927662,0.010561338
2019-06-19,52.156158,0.004400275
2019-06-20,52.594135,0.008397417
2019-06-21,52.375145,-0.004163772
2019-06-24,52.422756,0.000909038
2019-06-25,52.032391,-0.00744648
2019-06-26,52.108551,0.001463704
2019-06-27,52.289459,0.003471753
2019-06-28,52.508446,0.004187976
2019-07-02,52.840229,0.00631866
2019-07-03,53.224865,0.007279227
2019-07-05,52.97485,-0.004697335
2019-07-08,52.801765,-0.003267305
2019-07-09,52.734451,-0.001274844
2019-07-10,52.917156,0.003464623
2019-07-11,52.926773,0.000181737
2019-07-12,53.051785,0.00236198
2019-07-15,53.090244,0.000724933
2019-07-16,52.965237,-0.002354613
2019-07-17,52.753685,-0.003994167
2019-07-18,52.95562,0.003827884
2019-07-19,52.734451,-0.004176497
2019-07-22,52.782536,0.000911833
2019-07-23,53.080631,0.005647607
2019-07-24,53.224865,0.002717262
2019-07-25,52.888313,-0.00632321
2019-07-26,53.176788,0.005454419
2019-07-29,53.061401,-0.002169875
2019-07-30,52.811382,-0.004711881
2019-07-31,52.436356,-0.007101234
2019-08-01,52.2248,-0.004034529
2019-08-02,51.917088,-0.005892067
2019-08-06,51.167034,-0.014447151
2019-08-07,51.417049,0.004886252
2019-08-08,51.984398,0.011034258
2019-08-09,51.676689,-0.005919257
2019-08-12,51.253578,-0.008187657
2019-08-13,51.724766,0.00919327
2019-08-14,50.590076,-0.021937074
2019-08-15,50.792,0.003991376
2019-08-16,51.320889,0.010412841
2019-08-19,51.657455,0.00655807
2019-08-20,51.474747,-0.003536914
2019-08-21,51.79208,0.006164829
2019-08-22,51.638222,-0.002970686
2019-08-23,50.859322,-0.015083788
2019-08-26,51.215115,0.00699563
2019-08-27,51.1478,-0.001314358
2019-08-28,51.37859,0.004512218
2019-08-29,51.820927,0.008609364
2019-08-30,51.907471,0.001670059
2019-09-03,51.705536,-0.003890288
2019-09-04,52.2248,0.010042716
2019-09-05,52.599823,0.007180937
2019-09-06,52.667137,0.001279738
2019-09-09,52.67675,0.000182524
2019-09-10,52.686367,0.000182566
2019-09-11,52.994091,0.005840676
2019-09-12,53.186401,0.003628895
2019-09-13,53.205639,0.000361709
2019-09-16,53.051785,-0.002891686
2019-09-17,53.176788,0.002356245
2019-09-18,53.119099,-0.001084853
2019-09-19,53.157555,0.000723958
2019-09-20,53.071014,-0.001628009
2019-09-23,53.032555,-0.000724671
2019-09-24,52.772915,-0.004895861
2019-09-25,52.830608,0.001093231
2019-09-26,52.869076,0.000728139
2019-09-27,52.638294,-0.00436516
2019-09-30,52.811382,0.003288252
2019-10-01,52.369041,-0.008375865
2019-10-02,51.636753,-0.013983223
2019-10-03,51.993732,0.006913274
2019-10-04,52.456833,0.008906862
2019-10-07,52.321762,-0.002574898
2019-10-08,51.791119,-0.010141918
2019-10-09,52.119156,0.006333847
2019-10-10,52.302467,0.003517152
2019-10-11,52.871708,0.010883636
2019-10-15,53.209396,0.006386932
2019-10-16,53.209396,0
2019-10-17,53.286579,0.001450552
2019-10-18,53.238342,-0.000905237
2019-10-21,53.49884,0.004893052
2019-10-22,53.38306,-0.002164159
2019-10-23,53.469894,0.001626621
2019-10-24,53.614613,0.002706551
2019-10-25,53.74004,0.002339418
2019-10-28,53.884766,0.002693076
2019-10-29,53.846172,-0.000716232
2019-10-30,54.058422,0.003941784
2019-10-31,53.913708,-0.002676993
2019-11-01,54.30928,0.007337132
2019-11-04,54.579426,0.004974214
2019-11-05,54.511894,-0.001237316
2019-11-06,54.531189,0.000353959
2019-11-07,54.656609,0.002299968
2019-11-08,54.627663,-0.000529597
2019-11-11,54.531189,-0.001766028
2019-11-12,54.473301,-0.001061558
2019-11-13,54.502247,0.00053138
2019-11-14,54.531189,0.000531024
2019-11-18,54.849571,0.00583853
2019-11-19,54.86887,0.000351853
2019-11-20,54.666256,-0.003692695
2019-11-21,54.618015,-0.000882464
2019-11-22,54.685555,0.001236588
2019-11-25,54.994297,0.005645769
2019-11-26,55.071484,0.001403546
2019-11-27,55.18726,0.002102286
2019-11-29,54.936405,-0.004545524
2019-12-02,54.579426,-0.006498041
2019-12-03,54.482948,-0.001767662
2019-12-04,54.791683,0.005666635
2019-12-05,54.733799,-0.001056438
2019-12-06,55.177612,0.008108573
2019-12-09,54.946053,-0.004196611
2019-12-10,55.003944,0.001053597
2019-12-11,55.225849,0.004034347
2019-12-12,55.534592,0.005590552
2019-12-13,55.7565,0.003995852
2019-12-16,56.094181,0.006056352
2019-12-17,56.08453,-0.00017205
2019-12-18,56.074883,-0.000172008
2019-12-19,56.161716,0.001548519
2019-12-20,56.258205,0.001718056
2019-12-23,56.345039,0.00154349
2019-12-24,56.327511,-0.000311083
2019-12-27,56.629402,0.005359566
2019-12-30,56.288548,-0.006019029
2019-12-31,56.483318,0.003460207
2020-01-02,56.950768,0.008275895
2020-01-03,56.590446,-0.006326903
2020-01-06,56.687824,0.00172075
2020-01-07,56.570969,-0.002061377
2020-01-08,56.707302,0.002409946
2020-01-09,56.950768,0.00429338
2020-01-10,56.785213,-0.002906985
2020-01-13,57.194229,0.007202861
2020-01-14,57.067623,-0.002213615
2020-01-15,57.116322,0.000853356
2020-01-16,57.505859,0.006820064
2020-01-17,57.651939,0.002540263
2020-01-21,57.379261,-0.004729728
2020-01-22,57.457172,0.001357825
2020-01-23,57.418217,-0.000677983
2020-01-24,57.048149,-0.006445132
2020-01-27,56.191166,-0.0150221
2020-01-28,56.590446,0.007105743
2020-01-29,56.600178,0.000171972
2020-01-30,56.600178,0
2020-01-31,55.879532,-0.012732221
2020-02-03,56.122993,0.00435689
2020-02-04,56.843643,0.012840548
2020-02-05,57.252659,0.007195457
2020-02-06,57.427959,0.003061867
2020-02-07,57.106583,-0.005596159
2020-02-10,57.340309,0.004092803
2020-02-11,57.53508,0.003396755
2020-02-12,57.856441,0.005585479
2020-02-13,57.651939,-0.003534645
2020-02-14,57.671413,0.000337786
2020-02-18,57.408478,-0.004559191
2020-02-19,57.710365,0.005258579
2020-02-20,57.457172,-0.004387305
2020-02-21,57.135799,-0.005593262
2020-02-24,55.567905,-0.027441535
2020-02-25,54.467445,-0.019803878
2020-02-26,54.43824,-0.000536192
2020-02-27,52.802166,-0.030053764
2020-02-28,52.441837,-0.006824133
2020-03-02,53.824707,0.026369595
2020-03-03,53.123539,-0.01302688
2020-03-04,54.535618,0.026581042
2020-03-05,53.318306,-0.022321412
2020-03-06,52.704773,-0.011506986
2020-03-09,49.354736,-0.063562308
2020-03-10,50.990799,0.033149058
2020-03-11,48.877541,-0.041443908
2020-03-12,44.407574,-0.091452371
2020-03-13,47.027229,0.058991176
2020-03-16,43.901173,-0.066473319
2020-03-17,44.485489,0.013309804
2020-03-18,42.216412,-0.051007127
2020-03-19,42.537781,0.007612419
2020-03-20,41.593151,-0.022206847
2020-03-23,41.437328,-0.003746362
2020-03-24,43.949863,0.06063458
2020-03-25,44.913975,0.021936633
2020-03-26,46.900631,0.044232469
2020-03-27,46.053383,-0.018064746
2020-03-30,46.589001,0.011630373
2020-03-31,46.218937,-0.007943162
2020-04-01,44.806854,-0.030552044
2020-04-02,45.444046,0.01422086
2020-04-03,45.053131,-0.008602117
2020-04-06,46.978394,0.042733168
2020-04-07,47.3009,0.006864986
2020-04-08,48.053417,0.015909148
2020-04-09,48.708202,0.01362619
2020-04-13,48.375923,-0.006821828
2020-04-14,49.392311,0.021010204
2020-04-15,48.346603,-0.021171473
2020-04-16,48.483421,0.00282994
2020-04-17,49.568222,0.022374679
2020-04-20,48.952522,-0.012421265
2020-04-21,47.975231,-0.019964058
2020-04-22,48.678886,0.014667048
2020-04-23,48.708202,0.000602232
2020-04-24,49.079571,0.007624363
2020-04-27,49.70504,0.012743979
2020-04-28,49.70504,0
2020-04-29,50.848469,0.023004287
2020-04-30,50.24255,-0.01191617
2020-05-01,49.11866,-0.022369287
2020-05-04,49.255486,0.002785622
2020-05-05,49.44117,0.003769814
2020-05-06,49.16753,-0.005534659
2020-05-07,49.665943,0.010137036
2020-05-08,50.467323,0.016135403
2020-05-11,50.418461,-0.000968191
2020-05-12,49.724586,-0.01376232
2020-05-13,49.079571,-0.012971752
2020-05-14,49.323895,0.00497812
2020-05-15,49.372761,0.000990717
2020-05-19,50.359821,0.019991995
2020-05-20,51.180748,0.01630123
2020-05-21,50.750736,-0.008401831
2020-05-22,50.789833,0.000770373
2020-05-26,51.56189,0.015201015
2020-05-27,52.089626,0.010235001
2020-05-28,52.138489,0.000938056
2020-05-29,52.285084,0.002811646
2020-06-01,52.734642,0.008598207
2020-06-02,53.252605,0.009822063
2020-06-03,54.073528,0.01541564
2020-06-04,53.858528,-0.003976068
2020-06-05,54.826042,0.017963989
2020-06-08,55.392872,0.0103387
2020-06-09,55.109455,-0.005116489
2020-06-10,54.904224,-0.003724062
2020-06-11,52.363274,-0.046279682
2020-06-12,52.861687,0.00951837
2020-06-15,53.135326,0.005176509
2020-06-16,53.858528,0.013610569
2020-06-17,53.819435,-0.000725846
2020-06-18,53.809662,-0.000181589
2020-06-19,53.64352,-0.003087587
2020-06-22,53.9758,0.006194224
2020-06-23,54.200577,0.004164403
2020-06-24,53.135326,-0.019653868
2020-06-25,53.506699,0.006989192
2020-06-26,52.783501,-0.013516027
2020-06-29,53.213516,0.008146769
2020-06-30,53.633747,0.007897073
2020-07-02,54.190727,0.01038488
2020-07-06,54.908806,0.013250957
2020-07-07,54.515335,-0.0071659
2020-07-08,54.928482,0.007578546
2020-07-09,54.623543,-0.005551564
2020-07-10,55.017014,0.007203323
2020-07-13,54.643215,-0.006794244
2020-07-14,55.233425,0.010801158
2020-07-15,55.74493,0.009260787
2020-07-16,55.449825,-0.005293845
2020-07-17,55.626892,0.003193283
2020-07-20,56.00069,0.006719735
2020-07-21,56.079384,0.001405233
2020-07-22,56.354816,0.004911466
2020-07-23,55.892487,-0.008203895
2020-07-24,55.666241,-0.004047879
2020-07-27,56.089222,0.007598519
2020-07-28,55.823627,-0.004735223
2020-07-29,56.30563,0.008634391
2020-07-30,56.00069,-0.005415799
2020-07-31,55.823627,-0.0031618
2020-08-04,56.610569,0.014096934
2020-08-05,56.935188,0.005734247
2020-08-06,57.161427,0.003973623
2020-08-07,57.043385,-0.002065064
2020-08-10,57.102406,0.001034669
2020-08-11,57.004044,-0.001722554
2020-08-12,57.731956,0.01276948
2020-08-13,57.545059,-0.003237323
2020-08-14,57.427017,-0.002051297
2020-08-17,57.712284,0.00496747
2020-08-18,57.761471,0.00085228
2020-08-19,57.446697,-0.00544955
2020-08-20,57.466366,0.000342387
2020-08-21,57.535225,0.001198249
2020-08-24,58.007389,0.00820652
2020-08-25,58.154942,0.002543693
2020-08-26,58.499229,0.005920168
2020-08-27,58.351677,-0.00252229
2020-08-28,58.646778,0.005057284
2020-08-31,58.52874,-0.002012694
2020-09-01,58.754982,0.003865486
2020-09-02,59.46323,0.012054263
2020-09-03,57.918861,-0.025971832
2020-09-04,57.820488,-0.001698462
2020-09-08,56.758121,-0.018373539
2020-09-09,57.672939,0.016117834
2020-09-10,56.90567,-0.013303796
2020-09-11,57.161427,0.004494403
2020-09-14,57.633591,0.008260186
2020-09-15,57.899185,0.004608319
2020-09-16,57.879513,-0.000339763
2020-09-17,57.633591,-0.004248861
2020-09-18,57.181103,-0.007851116
2020-09-21,56.344975,-0.014622453
2020-09-22,56.561386,0.003840822
2020-09-23,55.774445,-0.013913043
2020-09-24,55.74493,-0.000529185
2020-09-25,56.266285,0.00935251
2020-09-28,56.935188,0.011888167
2020-09-29,56.807304,-0.002246133
2020-09-30,57.053223,0.004329003
2020-10-01,57.299145,0.004310396
2020-10-02,57.061424,-0.00414877
2020-10-05,57.830795,0.013483207
2020-10-06,57.347477,-0.00835745
2020-10-07,57.939297,0.010319896
2020-10-08,58.323978,0.00663938
2020-10-09,58.767845,0.007610369
2020-10-14,58.728394,-0.000671302
2020-10-15,58.422611,-0.005206732
2020-10-16,58.540977,0.002026031
2020-10-19,58.018204,-0.008930035
2020-10-20,58.245068,0.003910221
2020-10-21,58.146431,-0.001693482
2020-10-22,58.343708,0.003392762
2020-10-23,58.560703,0.003719253
2020-10-26,57.653248,-0.015495972
2020-10-27,57.465836,-0.003250675
2020-10-28,56.035603,-0.024888405
2020-10-29,56.410419,0.00668889
2020-10-30,55.956696,-0.008043248
2020-11-02,56.459743,0.008989934
2020-11-03,57.278431,0.014500385
2020-11-04,58.254932,0.01704832
2020-11-05,59.280754,0.017609187
2020-11-06,59.310349,0.000499235
2020-11-09,60.079716,0.012971885
2020-11-10,60.079716,0
2020-11-12,59.912033,-0.002791009
2020-11-13,60.661671,0.012512311
2020-11-16,61.184448,0.008617913
2020-11-17,61.135128,-0.000806087
2020-11-18,60.701126,-0.007099061
2020-11-19,60.888535,0.003087406
2020-11-20,60.918125,0.00048597
2020-11-23,61.056221,0.002266912
2020-11-24,61.776268,0.01179318
2020-11-25,61.687496,-0.001436992
2020-11-27,61.993271,0.004956839
2020-11-30,61.371861,-0.01002383
2020-12-01,62.131363,0.012375411
2020-12-02,62.170815,0.000634977
2020-12-03,62.239861,0.001110585
2020-12-04,62.742912,0.008082457
2020-12-07,62.585087,-0.002515424
2020-12-08,62.663998,0.001260859
2020-12-09,62.476589,-0.002990697
2020-12-10,62.594952,0.001894518
2020-12-11,62.45686,-0.00220612
2020-12-14,62.318775,-0.002210886
2020-12-15,62.95005,0.010129772
2020-12-16,63.088139,0.002193628
2020-12-17,63.393906,0.004846664
2020-12-18,63.245956,-0.002333821
2020-12-21,62.792225,-0.007174071
2020-12-22,62.683727,-0.001727889
2020-12-23,62.999367,0.005035438
2020-12-24,63.12944,0.002064672
2020-12-29,63.516674,0.006133969
2020-12-30,63.754974,0.003751771
2020-12-31,63.725182,-0.000467289
2021-01-04,63.407452,-0.004985941
2021-01-05,63.973415,0.008925812
2021-01-06,64.330864,0.005587462
2021-01-07,64.787598,0.007099765
2021-01-08,65.184769,0.006130355
2021-01-11,64.747879,-0.006702333
2021-01-12,64.936539,0.002913763
2021-01-13,64.966331,0.000458786
2021-01-14,65.154976,0.002903735
2021-01-15,64.559227,-0.009143569
2021-01-19,64.936539,0.005844432
2021-01-20,65.651443,0.011009272
2021-01-21,65.671288,0.000302278
2021-01-22,65.45285,-0.003326233
2021-01-25,65.512436,0.000910365
2021-01-26,65.482635,-0.000454891
2021-01-27,64.142204,-0.020470022
2021-01-28,64.539375,0.006192039
2021-01-29,63.5266,-0.015692358
2021-02-01,64.380501,0.013441629
2021-02-02,65.055687,0.01048743
2021-02-03,65.08548,0.000457961
2021-02-04,65.482635,0.006102052
2021-02-05,65.800369,0.004852187
2021-02-08,66.197533,0.006035893
2021-02-09,66.296829,0.001499995
2021-02-10,66.316696,0.000299667
2021-02-11,66.505348,0.002844713
2021-02-12,66.793282,0.004329486
2021-02-16,66.823082,0.000446153
2021-02-17,66.77343,-0.000743037
2021-02-18,66.415977,-0.005353222
2021-02-19,66.475548,0.000896938
2021-02-22,65.949303,-0.007916369
2021-02-23,66.048599,0.001505641
2021-02-24,66.415977,0.005562238
2021-02-25,65.194702,-0.018388271
2021-02-26,64.718102,-0.00731041
2021-03-01,65.919525,0.018563941
2021-03-02,65.70108,-0.003313813
2021-03-03,65.154976,-0.008311949
2021-03-04,64.400368,-0.01158174
2021-03-05,65.075546,0.010484071
2021-03-08,64.777672,-0.004577357
2021-03-09,65.53228,0.011649199
2021-03-10,65.800369,0.004090946
2021-03-11,66.435844,0.009657621
2021-03-12,66.386192,-0.000747368
2021-03-15,66.703926,0.004786146
2021-03-16,66.703926,0
2021-03-17,66.902504,0.002977006
2021-03-18,66.058525,-0.012615058
2021-03-19,66.187607,0.001954055
2021-03-22,66.33654,0.002250164
2021-03-23,65.691154,-0.009728967
2021-03-24,65.343628,-0.005290301
2021-03-25,65.651443,0.004710712
2021-03-26,66.58477,0.014216397
2021-03-29,66.386192,-0.002982334
2021-03-30,66.286903,-0.001495627
2021-03-31,66.455696,0.0025464
2021-04-01,67.041512,0.008815136
2021-04-05,67.741707,0.010444201
2021-04-06,67.622353,-0.001761898
2021-04-07,67.572632,-0.000735275
2021-04-08,67.960518,0.005740283
2021-04-09,68.199219,0.003512348
2021-04-12,68.010246,-0.002770897
2021-04-13,68.278786,0.003948523
2021-04-14,68.229057,-0.000728323
2021-04-15,68.786034,0.00816334
2021-04-16,69.064514,0.004048496
2021-04-19,68.795975,-0.003888234
2021-04-20,68.129601,-0.009686235
2021-04-21,68.736298,0.008905043
2021-04-22,68.348412,-0.005643103
2021-04-23,68.94516,0.008730971
2021-04-26,69.124191,0.002596716
2021-04-27,69.074455,-0.000719517
2021-04-28,69.15403,0.001152018
2021-04-29,69.323105,0.002444905
2021-04-30,68.696518,-0.009038646
2021-05-03,69.024734,0.004777768
2021-05-04,68.487648,-0.007781066
2021-05-05,68.756187,0.003920984
2021-05-06,69.253487,0.007232804
2021-05-07,69.750778,0.007180736
2021-05-10,69.203758,-0.007842493
2021-05-11,68.626892,-0.008335761
2021-05-12,67.423439,-0.017536172
2021-05-13,67.990356,0.008408307
2021-05-14,68.88549,0.013165602
2021-05-17,68.706467,-0.002598849
2021-05-18,68.597061,-0.001592368
2021-05-19,68.35836,-0.003479755
2021-05-20,68.955109,0.008729715
2021-05-21,68.90538,-0.000721179
2021-05-25,69.402672,0.007217027
2021-05-26,69.522026,0.001719732
2021-05-27,69.571754,0.000715284
2021-05-28,69.720947,0.002144448