Date,USD_CAD
2011-03-31,0.9702
2011-04-01,0.9636
2011-04-04,0.9669
2011-04-05,0.9638
2011-04-06,0.9604
2011-04-07,0.9586
2011-04-08,0.9557
2011-04-11,0.9562
2011-04-12,0.9627
2011-04-13,0.9624
2011-04-14,0.9607
2011-04-15,0.9599
2011-04-18,0.9645
2011-04-20,0.9526
2011-04-21,0.953
2011-04-25,0.9544
2011-04-27,0.9502
2011-04-28,0.9509
2011-04-29,0.9446
2011-05-02,0.9504
2011-05-03,0.9527
2011-05-04,0.9585
2011-05-05,0.9671
2011-05-06,0.9656
2011-05-09,0.9621
2011-05-10,0.957
2011-05-11,0.9614
2011-05-12,0.9624
2011-05-13,0.9683
2011-05-16,0.9752
2011-05-17,0.9723
2011-05-18,0.9705
2011-05-19,0.9676
2011-05-20,0.974
2011-05-24,0.9765
2011-05-25,0.9779
2011-05-26,0.9782
2011-05-27,0.9758
2011-05-31,0.9685
2011-06-01,0.9775
2011-06-02,0.9755
2011-06-03,0.978
2011-06-06,0.9806
2011-06-07,0.9744
2011-06-08,0.9799
2011-06-09,0.9735
2011-06-10,0.9798
2011-06-13,0.9762
2011-06-14,0.9687
2011-06-15,0.9792
2011-06-16,0.9819
2011-06-17,0.9794
2011-06-20,0.9795
2011-06-21,0.9718
2011-06-22,0.9735
2011-06-23,0.9788
2011-06-24,0.9885
2011-06-27,0.9863
2011-06-28,0.9818
2011-06-29,0.97
2011-06-30,0.9634
2011-07-05,0.9628
2011-07-06,0.9658
2011-07-07,0.9587
2011-07-08,0.9616
2011-07-11,0.9684
2011-07-12,0.9653
2011-07-13,0.9587
2011-07-14,0.9601
2011-07-15,0.9536
2011-07-18,0.9591
2011-07-19,0.95
2011-07-20,0.9477
2011-07-21,0.9438
2011-07-22,0.9482
2011-07-25,0.9472
2011-07-26,0.9438
2011-07-27,0.9494
2011-07-28,0.9489
2011-07-29,0.9552
2011-08-02,0.9612
2011-08-03,0.9618
2011-08-04,0.9808
2011-08-05,0.9816
2011-08-08,0.993
2011-08-09,0.9804
2011-08-10,0.9942
2011-08-11,0.9848
2011-08-12,0.987
2011-08-15,0.98
2011-08-16,0.982
2011-08-17,0.9804
2011-08-18,0.9902
2011-08-19,0.99
2011-08-22,0.9899
2011-08-23,0.9882
2011-08-24,0.9874
2011-08-25,0.9882
2011-08-26,0.9816
2011-08-29,0.9768
2011-08-30,0.9784
2011-08-31,0.9779
2011-09-01,0.976
2011-09-02,0.9857
2011-09-06,0.9902
2011-09-07,0.9845
2011-09-08,0.989
2011-09-09,0.9969
2011-09-12,0.9924
2011-09-13,0.9862
2011-09-14,0.9904
2011-09-15,0.9836
2011-09-16,0.9778
2011-09-19,0.9901
2011-09-20,0.992
2011-09-21,1.0078
2011-09-22,1.0282
2011-09-23,1.028
2011-09-26,1.0253
2011-09-27,1.0196
2011-09-28,1.0332
2011-09-29,1.0356
2011-09-30,1.0501
2011-10-03,1.0547
2011-10-04,1.0526
2011-10-05,1.041
2011-10-06,1.0378
2011-10-07,1.0396
2011-10-11,1.0288
2011-10-12,1.0176
2011-10-13,1.0207
2011-10-14,1.0097
2011-10-17,1.0232
2011-10-18,1.0152
2011-10-19,1.0196
2011-10-20,1.0164
2011-10-21,1.0071
2011-10-24,1.0038
2011-10-25,1.0165
2011-10-26,1.0042
2011-10-27,0.9907
2011-10-28,0.9919
2011-10-31,0.9996
2011-11-01,1.02
2011-11-02,1.0142
2011-11-03,1.0073
2011-11-04,1.0189
2011-11-07,1.0131
2011-11-08,1.0091
2011-11-09,1.0227
2011-11-10,1.0174
2011-11-11,1.0124
2011-11-14,1.0163
2011-11-15,1.0212
2011-11-16,1.0236
2011-11-17,1.0292
2011-11-18,1.0269
2011-11-21,1.0381
2011-11-22,1.0379
2011-11-23,1.0476
2011-11-25,1.0488
2011-11-28,1.0356
2011-11-29,1.0303
2011-11-30,1.0194
2011-12-01,1.0141
2011-12-02,1.0181
2011-12-05,1.0171
2011-12-06,1.0098
2011-12-07,1.0095
2011-12-08,1.0221
2011-12-09,1.0185
2011-12-12,1.0262
2011-12-13,1.0339
2011-12-14,1.0394
2011-12-15,1.0349
2011-12-16,1.0379
2011-12-19,1.0379
2011-12-20,1.0303
2011-12-21,1.0266
2011-12-22,1.021
2011-12-23,1.0198
2011-12-28,1.0244
2011-12-29,1.0208
2011-12-30,1.0196
2012-01-03,1.011
2012-01-04,1.0127
2012-01-05,1.0198
2012-01-06,1.0272
2012-01-09,1.0236
2012-01-10,1.017
2012-01-11,1.0192
2012-01-12,1.0183
2012-01-13,1.0225
2012-01-17,1.0151
2012-01-18,1.0117
2012-01-19,1.0114
2012-01-20,1.013
2012-01-23,1.0076
2012-01-24,1.0101
2012-01-25,1.0042
2012-01-26,1.0017
2012-01-27,1.001
2012-01-30,1.0023
2012-01-31,1.0029
2012-02-01,0.9989
2012-02-02,0.9992
2012-02-03,0.9931
2012-02-06,0.9956
2012-02-07,0.9945
2012-02-08,0.9961
2012-02-09,0.9951
2012-02-10,1.0023
2012-02-13,0.9994
2012-02-14,0.999
2012-02-15,0.9992
2012-02-16,0.9964
2012-02-17,0.9959
2012-02-21,0.9967
2012-02-22,1.0001
2012-02-23,0.9977
2012-02-24,0.9998
2012-02-27,0.999
2012-02-28,0.9946
2012-02-29,0.9895
2012-03-01,0.9859
2012-03-02,0.989
2012-03-05,0.9946
2012-03-06,1.0011
2012-03-07,0.9979
2012-03-08,0.9909
2012-03-09,0.9911
2012-03-12,0.9923
2012-03-13,0.9884
2012-03-14,0.9928
2012-03-15,0.992
2012-03-16,0.9919
2012-03-19,0.9869
2012-03-20,0.9918
2012-03-21,0.9921
2012-03-22,0.9991
2012-03-23,0.9981
2012-03-26,0.9907
2012-03-27,0.9953
2012-03-28,0.9983
2012-03-29,0.9969
2012-03-30,0.9979
2012-04-02,0.9908
2012-04-03,0.9908
2012-04-04,0.9963
2012-04-05,0.9933
2012-04-09,0.9975
2012-04-10,1.0044
2012-04-11,1.0039
2012-04-12,0.9946
2012-04-13,0.9995
2012-04-16,0.9999
2012-04-17,0.9907
2012-04-18,0.9912
2012-04-19,0.9957
2012-04-20,0.9917
2012-04-23,0.991
2012-04-24,0.9872
2012-04-25,0.9831
2012-04-26,0.9853
2012-04-27,0.9805
2012-04-30,0.9871
2012-05-01,0.9859
2012-05-02,0.9866
2012-05-03,0.9887
2012-05-04,0.9955
2012-05-07,0.993
2012-05-08,0.9988
2012-05-09,1.0025
2012-05-10,1.0023
2012-05-11,1.0008
2012-05-14,1.0033
2012-05-15,1.0068
2012-05-16,1.0124
2012-05-17,1.0196
2012-05-18,1.0221
2012-05-22,1.0211
2012-05-23,1.0248
2012-05-24,1.0265
2012-05-25,1.0293
2012-05-29,1.0222
2012-05-30,1.0299
2012-05-31,1.0333
2012-06-01,1.0406
2012-06-04,1.0397
2012-06-05,1.0377
2012-06-06,1.0279
2012-06-07,1.0276
2012-06-08,1.0263
2012-06-11,1.0318
2012-06-12,1.0259
2012-06-13,1.0299
2012-06-14,1.0231
2012-06-15,1.0217
2012-06-18,1.0238
2012-06-19,1.0181
2012-06-20,1.0183
2012-06-21,1.0291
2012-06-22,1.0244
2012-06-25,1.0289
2012-06-26,1.0243
2012-06-27,1.0249
2012-06-28,1.0338
2012-06-29,1.0166
2012-07-03,1.0122
2012-07-05,1.0141
2012-07-06,1.0194
2012-07-09,1.0191
2012-07-10,1.0225
2012-07-11,1.0196
2012-07-12,1.0188
2012-07-13,1.0145
2012-07-16,1.015
2012-07-17,1.0119
2012-07-18,1.0103
2012-07-19,1.0074
2012-07-20,1.0124
2012-07-23,1.0187
2012-07-24,1.0223
2012-07-25,1.0156
2012-07-26,1.0101
2012-07-27,1.0034
2012-07-30,1.0017
2012-07-31,1.0031
2012-08-01,1.0057
2012-08-02,1.0073
2012-08-03,1.0013
2012-08-07,0.997
2012-08-08,0.9943
2012-08-09,0.9911
2012-08-10,0.991
2012-08-13,0.9925
2012-08-14,0.9923
2012-08-15,0.9894
2012-08-16,0.9866
2012-08-17,0.9892
2012-08-20,0.9885
2012-08-21,0.9892
2012-08-22,0.9915
2012-08-23,0.9939
2012-08-24,0.9924
2012-08-27,0.9907
2012-08-28,0.9882
2012-08-29,0.9894
2012-08-30,0.9925
2012-08-31,0.9865
2012-09-04,0.9859
2012-09-05,0.9905
2012-09-06,0.9828
2012-09-07,0.9786
2012-09-10,0.9776
2012-09-11,0.973
2012-09-12,0.9763
2012-09-13,0.9685
2012-09-14,0.9718
2012-09-17,0.9748
2012-09-18,0.9743
2012-09-19,0.9746
2012-09-20,0.977
2012-09-21,0.9764
2012-09-24,0.9788
2012-09-25,0.9806
2012-09-26,0.9854
2012-09-27,0.9806
2012-09-28,0.9838
2012-10-01,0.9823
2012-10-02,0.984
2012-10-03,0.9876
2012-10-04,0.9805
2012-10-05,0.9787
2012-10-09,0.9784
2012-10-10,0.9817
2012-10-11,0.9786
2012-10-12,0.9803
2012-10-15,0.9808
2012-10-16,0.9867
2012-10-17,0.9778
2012-10-18,0.9853
2012-10-19,0.9937
2012-10-22,0.9921
2012-10-23,0.9924
2012-10-24,0.9935
2012-10-25,0.9949
2012-10-26,0.9966
2012-10-31,0.9993
2012-11-01,0.9965
2012-11-02,0.996
2012-11-05,0.9963
2012-11-06,0.9921
2012-11-07,0.9969
2012-11-08,1.0004
2012-11-09,1.0017
2012-11-13,1.0021
2012-11-14,1.004
2012-11-15,1.0007
2012-11-16,1.0013
2012-11-19,0.9963
2012-11-20,0.9968
2012-11-21,0.9963
2012-11-23,0.9929
2012-11-26,0.9934
2012-11-27,0.9947
2012-11-28,0.992
2012-11-29,0.9926
2012-11-30,0.9944
2012-12-03,0.9951
2012-12-04,0.9927
2012-12-05,0.9916
2012-12-06,0.9913
2012-12-07,0.9885
2012-12-10,0.9866
2012-12-11,0.9861
2012-12-12,0.9844
2012-12-13,0.9849
2012-12-14,0.9856
2012-12-17,0.9834
2012-12-18,0.9857
2012-12-19,0.9889
2012-12-20,0.9874
2012-12-21,0.9933
2012-12-24,0.993
2012-12-27,0.9952
2012-12-28,0.997
2012-12-31,0.9922
2013-01-02,0.9849
2013-01-03,0.9879
2013-01-04,0.9871
2013-01-07,0.9857
2013-01-08,0.9867
2013-01-09,0.9877
2013-01-10,0.9832
2013-01-11,0.9848
2013-01-14,0.9838
2013-01-15,0.9842
2013-01-16,0.9859
2013-01-17,0.9859
2013-01-18,0.9918
2013-01-22,0.9919
2013-01-23,0.9991
2013-01-24,1.0025
2013-01-25,1.0057
2013-01-28,1.0061
2013-01-29,1.0008
2013-01-30,1.0015
2013-01-31,0.997
2013-02-01,0.9965
2013-02-04,0.9988
2013-02-05,0.9956
2013-02-06,0.9957
2013-02-07,0.9979
2013-02-08,1.0024
2013-02-11,1.0048
2013-02-12,1.0022
2013-02-13,1.0019
2013-02-14,1.001
2013-02-15,1.0063
2013-02-19,1.0114
2013-02-20,1.0166
2013-02-21,1.0185
2013-02-22,1.0214
2013-02-25,1.0261
2013-02-26,1.0261
2013-02-27,1.0227
2013-02-28,1.0305
2013-03-01,1.0269
2013-03-04,1.0273
2013-03-05,1.0271
2013-03-06,1.032
2013-03-07,1.0295
2013-03-08,1.0284
2013-03-11,1.0259
2013-03-12,1.0257
2013-03-13,1.0276
2013-03-14,1.0223
2013-03-15,1.0194
2013-03-18,1.0223
2013-03-19,1.0267
2013-03-20,1.0261
2013-03-21,1.0252
2013-03-22,1.0232
2013-03-25,1.0213
2013-03-26,1.016
2013-03-27,1.016
2013-03-28,1.0162
2013-04-01,1.0168
2013-04-02,1.0145
2013-04-03,1.0145
2013-04-04,1.0128
2013-04-05,1.0175
2013-04-08,1.0166
2013-04-09,1.0164
2013-04-10,1.0142
2013-04-11,1.0103
2013-04-12,1.0136
2013-04-15,1.0257
2013-04-16,1.021
2013-04-17,1.0263
2013-04-18,1.0259
2013-04-19,1.0265
2013-04-22,1.0255
2013-04-23,1.0257
2013-04-24,1.0256
2013-04-25,1.0198
2013-04-26,1.0168
2013-04-29,1.0112
2013-04-30,1.0074
2013-05-01,1.0084
2013-05-02,1.0103
2013-05-03,1.008
2013-05-06,1.0068
2013-05-07,1.0043
2013-05-08,1.003
2013-05-09,1.0069
2013-05-10,1.0099
2013-05-13,1.0107
2013-05-14,1.0181
2013-05-15,1.0158
2013-05-16,1.0194
2013-05-17,1.028
2013-05-21,1.0265
2013-05-22,1.037
2013-05-23,1.0305
2013-05-24,1.0318
2013-05-28,1.04
2013-05-29,1.0352
2013-05-30,1.0299
2013-05-31,1.0378
2013-06-03,1.0278
2013-06-04,1.0341
2013-06-05,1.0345
2013-06-06,1.0265
2013-06-07,1.0196
2013-06-10,1.0194
2013-06-11,1.0185
2013-06-12,1.0209
2013-06-13,1.0158
2013-06-14,1.017
2013-06-17,1.0185
2013-06-18,1.0211
2013-06-19,1.0273
2013-06-20,1.0389
2013-06-21,1.0457
2013-06-24,1.0498
2013-06-25,1.0512
2013-06-26,1.0469
2013-06-27,1.0477
2013-06-28,1.052
2013-07-02,1.0543
2013-07-03,1.0501
2013-07-05,1.0579
2013-07-08,1.0558
2013-07-09,1.0522
2013-07-10,1.0467
2013-07-11,1.0366
2013-07-12,1.0394
2013-07-15,1.0429
2013-07-16,1.037
2013-07-17,1.0404
2013-07-18,1.0377
2013-07-19,1.0368
2013-07-22,1.0336
2013-07-23,1.0288
2013-07-24,1.0318
2013-07-25,1.028
2013-07-26,1.0282
2013-07-29,1.0266
2013-07-30,1.0309
2013-07-31,1.0277
2013-08-01,1.0347
2013-08-02,1.0387
2013-08-06,1.0375
2013-08-07,1.0423
2013-08-08,1.0326
2013-08-09,1.0288
2013-08-12,1.0307
2013-08-13,1.0345
2013-08-14,1.0341
2013-08-15,1.0305
2013-08-16,1.0337
2013-08-19,1.0345
2013-08-20,1.0392
2013-08-21,1.0474
2013-08-22,1.0516
2013-08-23,1.0495
2013-08-26,1.0501
2013-08-27,1.0474
2013-08-28,1.0486
2013-08-29,1.0532
2013-08-30,1.0537
2013-09-03,1.0534
2013-09-04,1.0494
2013-09-05,1.0506
2013-09-06,1.0404
2013-09-09,1.0371
2013-09-10,1.0349
2013-09-11,1.032
2013-09-12,1.0322
2013-09-13,1.0352
2013-09-16,1.0324
2013-09-17,1.0297
2013-09-18,1.022
2013-09-19,1.0263
2013-09-20,1.0305
2013-09-23,1.0284
2013-09-24,1.0301
2013-09-25,1.0313
2013-09-26,1.0309
2013-09-27,1.0307
2013-09-30,1.0309
2013-10-01,1.0324
2013-10-02,1.0337
2013-10-03,1.0333
2013-10-04,1.0295
2013-10-07,1.0313
2013-10-08,1.0368
2013-10-09,1.0393
2013-10-10,1.0399
2013-10-11,1.035
2013-10-15,1.0381
2013-10-16,1.0328
2013-10-17,1.029
2013-10-18,1.0286
2013-10-21,1.0302
2013-10-22,1.0286
2013-10-23,1.0383
2013-10-24,1.0421
2013-10-25,1.0448
2013-10-28,1.0444
2013-10-29,1.047
2013-10-30,1.048
2013-10-31,1.0431
2013-11-01,1.0421
2013-11-04,1.0422
2013-11-05,1.0454
2013-11-06,1.0419
2013-11-07,1.0459
2013-11-08,1.048
2013-11-12,1.0495
2013-11-13,1.0455
2013-11-14,1.0461
2013-11-15,1.044
2013-11-18,1.0429
2013-11-19,1.0469
2013-11-20,1.0454
2013-11-21,1.0518
2013-11-22,1.0514
2013-11-25,1.0545
2013-11-26,1.0541
2013-11-27,1.0595
2013-11-29,1.0615
2013-12-02,1.0644
2013-12-03,1.0647
2013-12-04,1.0682
2013-12-05,1.0654
2013-12-06,1.0636
2013-12-09,1.0627
2013-12-10,1.0602
2013-12-11,1.059
2013-12-12,1.0638
2013-12-13,1.0585
2013-12-16,1.0596
2013-12-17,1.0607
2013-12-18,1.0703
2013-12-19,1.0665
2013-12-20,1.0635
2013-12-23,1.0606
2013-12-24,1.0631
2013-12-27,1.0706
2013-12-30,1.0648
2013-12-31,1.0623
2014-01-02,1.0671
2014-01-03,1.0635
2014-01-06,1.0655
2014-01-07,1.0766
2014-01-08,1.0819
2014-01-09,1.084
2014-01-10,1.0895
2014-01-13,1.0863
2014-01-14,1.0945
2014-01-15,1.0934
2014-01-16,1.0932
2014-01-17,1.0962
2014-01-21,1.0966
2014-01-22,1.1086
2014-01-23,1.1101
2014-01-24,1.1088
2014-01-27,1.1115
2014-01-28,1.115
2014-01-29,1.1173
2014-01-30,1.1157
2014-01-31,1.1129
2014-02-03,1.1118
2014-02-04,1.1084
2014-02-05,1.1083
2014-02-06,1.1069
2014-02-07,1.1033
2014-02-10,1.1056
2014-02-11,1.1006
2014-02-12,1.1002
2014-02-13,1.0974
2014-02-14,1.0978
2014-02-18,1.0947
2014-02-19,1.1079
2014-02-20,1.1098
2014-02-21,1.1111
2014-02-24,1.1058
2014-02-25,1.1084
2014-02-26,1.1128
2014-02-27,1.1121
2014-02-28,1.1065
2014-03-03,1.1077
2014-03-04,1.1092
2014-03-05,1.1027
2014-03-06,1.0985
2014-03-07,1.1083
2014-03-10,1.1109
2014-03-11,1.1105
2014-03-12,1.1119
2014-03-13,1.1075
2014-03-14,1.1105
2014-03-17,1.1054
2014-03-18,1.1136
2014-03-19,1.1238
2014-03-20,1.1241
2014-03-21,1.122
2014-03-24,1.1191
2014-03-25,1.1168
2014-03-26,1.1101
2014-03-27,1.1033
2014-03-28,1.1061
2014-03-31,1.105
2014-04-01,1.1025
2014-04-02,1.1031
2014-04-03,1.1035
2014-04-04,1.0981
2014-04-07,1.0973
2014-04-08,1.0924
2014-04-09,1.0878
2014-04-10,1.0936
2014-04-11,1.0981
2014-04-14,1.0963
2014-04-15,1.0975
2014-04-16,1.101
2014-04-17,1.1002
2014-04-21,1.101
2014-04-22,1.1026
2014-04-23,1.1032
2014-04-24,1.1021
2014-04-25,1.1039
2014-04-28,1.103
2014-04-29,1.0943
2014-04-30,1.0962
2014-05-01,1.0957
2014-05-02,1.0974
2014-05-05,1.0956
2014-05-06,1.0894
2014-05-07,1.0899
2014-05-08,1.0831
2014-05-09,1.0896
2014-05-12,1.0896
2014-05-13,1.0905
2014-05-14,1.0888
2014-05-15,1.0886
2014-05-16,1.0857
2014-05-20,1.0909
2014-05-21,1.0913
2014-05-22,1.0888
2014-05-23,1.0862
2014-05-27,1.0855
2014-05-28,1.0874
2014-05-29,1.0837
2014-05-30,1.0843
2014-06-02,1.09
2014-06-03,1.0909
2014-06-04,1.0939
2014-06-05,1.0924
2014-06-06,1.0935
2014-06-09,1.0903
2014-06-10,1.0901
2014-06-11,1.0867
2014-06-12,1.0852
2014-06-13,1.0856
2014-06-16,1.0844
2014-06-17,1.0861
2014-06-18,1.0837
2014-06-19,1.0818
2014-06-20,1.0758
2014-06-23,1.0729
2014-06-24,1.0746
2014-06-25,1.0717
2014-06-26,1.0688
2014-06-27,1.0668
2014-06-30,1.0671
2014-07-02,1.0665
2014-07-03,1.0635
2014-07-07,1.0685
2014-07-08,1.0679
2014-07-09,1.0652
2014-07-10,1.065
2014-07-11,1.0733
2014-07-14,1.0711
2014-07-15,1.0759
2014-07-16,1.0743
2014-07-17,1.0762
2014-07-18,1.0732
2014-07-21,1.0736
2014-07-22,1.0739
2014-07-23,1.0728
2014-07-24,1.0746
2014-07-25,1.0812
2014-07-28,1.0796
2014-07-29,1.0853
2014-07-30,1.0903
2014-07-31,1.0907
2014-08-01,1.0917
2014-08-05,1.096
2014-08-06,1.0916
2014-08-07,1.0928
2014-08-08,1.0974
2014-08-11,1.0922
2014-08-12,1.0926
2014-08-13,1.0912
2014-08-14,1.0901
2014-08-15,1.0896
2014-08-18,1.0888
2014-08-19,1.0943
2014-08-20,1.0968
2014-08-21,1.0943
2014-08-22,1.0947
2014-08-25,1.0983
2014-08-26,1.0953
2014-08-27,1.0865
2014-08-28,1.0861
2014-08-29,1.0878
2014-09-02,1.093
2014-09-03,1.0888
2014-09-04,1.0875
2014-09-05,1.088
2014-09-08,1.0974
2014-09-09,1.0981
2014-09-10,1.0934
2014-09-11,1.1032
2014-09-12,1.1094
2014-09-15,1.1056
2014-09-16,1.097
2014-09-17,1.0999
2014-09-18,1.0935
2014-09-19,1.0962
2014-09-22,1.1044
2014-09-23,1.1079
2014-09-24,1.1058
2014-09-25,1.111
2014-09-26,1.1153
2014-09-29,1.1164
2014-09-30,1.1199
2014-10-01,1.1164
2014-10-02,1.1158
2014-10-03,1.1244
2014-10-06,1.1132
2014-10-07,1.1176
2014-10-08,1.1107
2014-10-09,1.1186
2014-10-10,1.12
2014-10-15,1.1254
2014-10-16,1.1256
2014-10-17,1.1277
2014-10-20,1.1286
2014-10-21,1.1221
2014-10-22,1.1237
2014-10-23,1.1229
2014-10-24,1.1231
2014-10-27,1.1247
2014-10-28,1.1166
2014-10-29,1.118
2014-10-30,1.1187
2014-10-31,1.1267
2014-11-03,1.1359
2014-11-04,1.141
2014-11-05,1.1385
2014-11-06,1.1424
2014-11-07,1.1328
2014-11-10,1.1381
2014-11-12,1.1316
2014-11-13,1.1366
2014-11-14,1.1288
2014-11-17,1.1305
2014-11-18,1.1296
2014-11-19,1.1341
2014-11-20,1.13
2014-11-21,1.1231
2014-11-24,1.1279
2014-11-25,1.1259
2014-11-26,1.1244
2014-11-28,1.1414
2014-12-01,1.133
2014-12-02,1.1407
2014-12-03,1.1364
2014-12-04,1.1385
2014-12-05,1.1439
2014-12-08,1.1479
2014-12-09,1.1444
2014-12-10,1.1483
2014-12-11,1.1522
2014-12-12,1.1583
2014-12-15,1.1671
2014-12-16,1.1629
2014-12-17,1.1631
2014-12-18,1.1576
2014-12-19,1.1601
2014-12-22,1.1627
2014-12-23,1.1616
2014-12-24,1.1625
2014-12-29,1.1634
2014-12-30,1.1612
2014-12-31,1.1621
2015-01-02,1.1784
2015-01-05,1.1764
2015-01-06,1.1836
2015-01-07,1.1814
2015-01-08,1.1831
2015-01-09,1.1867
2015-01-12,1.1974
2015-01-13,1.1957
2015-01-14,1.1951
2015-01-15,1.196
2015-01-16,1.1985
2015-01-20,1.2114
2015-01-21,1.234
2015-01-22,1.238
2015-01-23,1.242
2015-01-26,1.2475
2015-01-27,1.2399
2015-01-28,1.2537
2015-01-29,1.2618
2015-01-30,1.2732
2015-02-02,1.2567
2015-02-03,1.2416
2015-02-04,1.2574
2015-02-05,1.2435
2015-02-06,1.2525
2015-02-09,1.2468
2015-02-10,1.2587
2015-02-11,1.2633
2015-02-12,1.2506
2015-02-13,1.2449
2015-02-17,1.2389
2015-02-18,1.2456
2015-02-19,1.2496
2015-02-20,1.2528
2015-02-23,1.2573
2015-02-24,1.2483
2015-02-25,1.2436
2015-02-26,1.2515
2015-02-27,1.2508
2015-03-02,1.2536
2015-03-03,1.2496
2015-03-04,1.2428
2015-03-05,1.2485
2015-03-06,1.2622
2015-03-09,1.2603
2015-03-10,1.2689
2015-03-11,1.2752
2015-03-12,1.2685
2015-03-13,1.2784
2015-03-16,1.2773
2015-03-17,1.2788
2015-03-18,1.2566
2015-03-19,1.2719
2015-03-20,1.2551
2015-03-23,1.2523
2015-03-24,1.2494
2015-03-25,1.2516
2015-03-26,1.2483
2015-03-27,1.261
2015-03-30,1.2675
2015-03-31,1.2687
2015-04-01,1.2621
2015-04-02,1.2557
2015-04-06,1.2479
2015-04-07,1.2506
2015-04-08,1.2543
2015-04-09,1.258
2015-04-10,1.2562
2015-04-13,1.2595
2015-04-14,1.2485
2015-04-15,1.2288
2015-04-16,1.2187
2015-04-17,1.225
2015-04-20,1.2223
2015-04-21,1.2281
2015-04-22,1.2237
2015-04-23,1.2145
2015-04-24,1.218
2015-04-27,1.2086
2015-04-28,1.2035
2015-04-29,1.202
2015-04-30,1.2077
2015-05-01,1.2159
2015-05-04,1.2096
2015-05-05,1.2066
2015-05-06,1.2046
2015-05-07,1.2128
2015-05-08,1.2071
2015-05-11,1.2104
2015-05-12,1.2016
2015-05-13,1.1957
2015-05-14,1.1983
2015-05-15,1.2012
2015-05-19,1.2233
2015-05-20,1.2208
2015-05-21,1.2199
2015-05-22,1.2279
2015-05-26,1.2434
2015-05-27,1.2452
2015-05-28,1.2435
2015-05-29,1.2448
2015-06-01,1.2523
2015-06-02,1.2401
2015-06-03,1.2454
2015-06-04,1.2504
2015-06-05,1.2439
2015-06-08,1.241
2015-06-09,1.2338
2015-06-10,1.2254
2015-06-11,1.2292
2015-06-12,1.2322
2015-06-15,1.2325
2015-06-16,1.2294
2015-06-17,1.2226
2015-06-18,1.2222
2015-06-19,1.2266
2015-06-22,1.2308
2015-06-23,1.2328
2015-06-24,1.2382
2015-06-25,1.2329
2015-06-26,1.2318
2015-06-29,1.2402
2015-06-30,1.2493
2015-07-02,1.2538
2015-07-06,1.2651
2015-07-07,1.2704
2015-07-08,1.2747
2015-07-09,1.2706
2015-07-10,1.2658
2015-07-13,1.2742
2015-07-14,1.2724
2015-07-15,1.2914
2015-07-16,1.2954
2015-07-17,1.2971
2015-07-20,1.2995
2015-07-21,1.2948
2015-07-22,1.3034
2015-07-23,1.3035
2015-07-24,1.3049
2015-07-27,1.3039
2015-07-28,1.2921
2015-07-29,1.2946
2015-07-30,1.3001
2015-07-31,1.3089
2015-08-04,1.3191
2015-08-05,1.318
2015-08-06,1.3108
2015-08-07,1.3129
2015-08-10,1.3001
2015-08-11,1.3113
2015-08-12,1.2976
2015-08-13,1.3058
2015-08-14,1.3087
2015-08-17,1.3079
2015-08-18,1.3059
2015-08-19,1.3129
2015-08-20,1.309
2015-08-21,1.3186
2015-08-24,1.3289
2015-08-25,1.3333
2015-08-26,1.3291
2015-08-27,1.3199
2015-08-28,1.3201
2015-08-31,1.3137
2015-09-01,1.326
2015-09-02,1.3266
2015-09-03,1.3176
2015-09-04,1.3284
2015-09-08,1.3207
2015-09-09,1.3257
2015-09-10,1.3254
2015-09-11,1.3262
2015-09-14,1.3263
2015-09-15,1.3247
2015-09-16,1.3171
2015-09-17,1.3183
2015-09-18,1.3226
2015-09-21,1.3256
2015-09-22,1.327
2015-09-23,1.332
2015-09-24,1.3301
2015-09-25,1.3337
2015-09-28,1.3399
2015-09-29,1.3422
2015-09-30,1.3315
2015-10-01,1.3268
2015-10-02,1.3149
2015-10-05,1.3087
2015-10-06,1.3035
2015-10-07,1.3058
2015-10-08,1.3018
2015-10-09,1.2944
2015-10-13,1.3039
2015-10-14,1.2936
2015-10-15,1.2865
2015-10-16,1.291
2015-10-19,1.3019
2015-10-20,1.2978
2015-10-21,1.3139
2015-10-22,1.3089
2015-10-23,1.3165
2015-10-26,1.3153
2015-10-27,1.3266
2015-10-28,1.3192
2015-10-29,1.3172
2015-10-30,1.3078
2015-11-02,1.3095
2015-11-03,1.306
2015-11-04,1.3147
2015-11-05,1.3167
2015-11-06,1.3306
2015-11-09,1.3285
2015-11-10,1.3276
2015-11-12,1.3291
2015-11-13,1.3323
2015-11-16,1.3331
2015-11-17,1.3319
2015-11-18,1.3299
2015-11-19,1.3282
2015-11-20,1.3343
2015-11-23,1.3365
2015-11-24,1.3303
2015-11-25,1.3286
2015-11-27,1.3371
2015-11-30,1.3363
2015-12-01,1.3357
2015-12-02,1.3344
2015-12-03,1.3357
2015-12-04,1.3363
2015-12-07,1.3495
2015-12-08,1.3584
2015-12-09,1.3577
2015-12-10,1.3624
2015-12-11,1.3756
2015-12-14,1.3734
2015-12-15,1.373
2015-12-16,1.378
2015-12-17,1.3937
2015-12-18,1.3955
2015-12-21,1.3958
2015-12-22,1.392
2015-12-23,1.3847
2015-12-24,1.3818
2015-12-29,1.3842
2015-12-30,1.3879
2015-12-31,1.3841
2016-01-04,1.3953
2016-01-05,1.3996
2016-01-06,1.4073
2016-01-07,1.4116
2016-01-08,1.417
2016-01-11,1.4216
2016-01-12,1.4263
2016-01-13,1.4341
2016-01-14,1.4366
2016-01-15,1.4539
2016-01-19,1.4579
2016-01-20,1.4505
2016-01-21,1.4263
2016-01-22,1.4117
2016-01-25,1.4291
2016-01-26,1.4116
2016-01-27,1.4093
2016-01-28,1.4029
2016-01-29,1.3973
2016-02-01,1.3947
2016-02-02,1.4053
2016-02-03,1.3781
2016-02-04,1.3753
2016-02-05,1.3915
2016-02-08,1.3925
2016-02-09,1.3865
2016-02-10,1.3925
2016-02-11,1.3935
2016-02-12,1.3847
2016-02-16,1.3861
2016-02-17,1.3669
2016-02-18,1.3725
2016-02-19,1.3767
2016-02-22,1.3706
2016-02-23,1.3794
2016-02-24,1.3702
2016-02-25,1.3531
2016-02-26,1.3512
2016-02-29,1.354
2016-03-01,1.3408
2016-03-02,1.3417
2016-03-03,1.3401
2016-03-04,1.3315
2016-03-07,1.3279
2016-03-08,1.3409
2016-03-09,1.3251
2016-03-10,1.3346
2016-03-11,1.3209
2016-03-14,1.326
2016-03-15,1.3355
2016-03-16,1.3098
2016-03-17,1.2974
2016-03-18,1.3001
2016-03-21,1.3102
2016-03-22,1.3046
2016-03-23,1.3205
2016-03-24,1.3247
2016-03-28,1.3184
2016-03-29,1.3073
2016-03-30,1.2966
2016-03-31,1.3005
2016-04-01,1.3011
2016-04-04,1.3087
2016-04-05,1.3137
2016-04-06,1.3089
2016-04-07,1.3145
2016-04-08,1.2988
2016-04-11,1.2898
2016-04-12,1.2761
2016-04-13,1.2816
2016-04-14,1.2845
2016-04-15,1.2822
2016-04-18,1.2782
2016-04-19,1.2668
2016-04-20,1.2655
2016-04-21,1.2736
2016-04-22,1.267
2016-04-25,1.2679
2016-04-26,1.2604
2016-04-27,1.2599
2016-04-28,1.2552
2016-04-29,1.2553
2016-05-02,1.2529
2016-05-03,1.2721
2016-05-04,1.2869
2016-05-05,1.2854
2016-05-06,1.2909
2016-05-09,1.2962
2016-05-10,1.291
2016-05-11,1.285
2016-05-12,1.2847
2016-05-13,1.2942
2016-05-16,1.2895
2016-05-17,1.2907
2016-05-18,1.3034
2016-05-19,1.3094
2016-05-20,1.3113
2016-05-24,1.3121
2016-05-25,1.3021
2016-05-26,1.2978
2016-05-27,1.3019
2016-05-31,1.3094
2016-06-01,1.3077
2016-06-02,1.3097
2016-06-03,1.2934
2016-06-06,1.2817
2016-06-07,1.2736
2016-06-08,1.2695
2016-06-09,1.2721
2016-06-10,1.2785
2016-06-13,1.2835
2016-06-14,1.2872
2016-06-15,1.2913
2016-06-16,1.2968
2016-06-17,1.2895
2016-06-20,1.2805
2016-06-21,1.2817
2016-06-22,1.2843
2016-06-23,1.2757
2016-06-24,1.3006
2016-06-27,1.3072
2016-06-28,1.3023
2016-06-29,1.2931
2016-06-30,1.2925
2016-07-05,1.298
2016-07-06,1.2961
2016-07-07,1.3003
2016-07-08,1.3044
2016-07-11,1.3113
2016-07-12,1.3043
2016-07-13,1.2978
2016-07-14,1.2891
2016-07-15,1.2971
2016-07-18,1.2945
2016-07-19,1.302
2016-07-20,1.3058
2016-07-21,1.3087
2016-07-22,1.3125
2016-07-25,1.3216
2016-07-26,1.3188
2016-07-27,1.3188
2016-07-28,1.3156
2016-07-29,1.303
2016-08-02,1.311
2016-08-03,1.3067
2016-08-04,1.3017
2016-08-05,1.3168
2016-08-08,1.3155
2016-08-09,1.3117
2016-08-10,1.3058
2016-08-11,1.2991
2016-08-12,1.2948
2016-08-15,1.2921
2016-08-16,1.286
2016-08-17,1.2845
2016-08-18,1.2782
2016-08-19,1.2872
2016-08-22,1.2946
2016-08-23,1.2913
2016-08-24,1.2926
2016-08-25,1.2922
2016-08-26,1.3003
2016-08-29,1.3008
2016-08-30,1.3099
2016-08-31,1.3106
2016-09-01,1.3102
2016-09-02,1.2998
2016-09-06,1.2844
2016-09-07,1.2884
2016-09-08,1.2934
2016-09-09,1.3048
2016-09-12,1.3037
2016-09-13,1.3174
2016-09-14,1.3195
2016-09-15,1.3161
2016-09-16,1.3209
2016-09-19,1.3204
2016-09-20,1.3189
2016-09-21,1.3101
2016-09-22,1.3042
2016-09-23,1.3168
2016-09-26,1.3224
2016-09-27,1.3195
2016-09-28,1.308
2016-09-29,1.3143
2016-09-30,1.3129
2016-10-03,1.3119
2016-10-04,1.3192
2016-10-05,1.3176
2016-10-06,1.3218
2016-10-07,1.3298
2016-10-11,1.3262
2016-10-12,1.3276
2016-10-13,1.319
2016-10-14,1.314
2016-10-17,1.3125
2016-10-18,1.3109
2016-10-19,1.3114
2016-10-20,1.323
2016-10-21,1.3333
2016-10-24,1.3287
2016-10-25,1.3351
2016-10-26,1.3381
2016-10-27,1.3387
2016-10-28,1.3398
2016-10-31,1.341
2016-11-01,1.339
2016-11-02,1.339
2016-11-03,1.3396
2016-11-04,1.3404
2016-11-07,1.3361
2016-11-08,1.3288
2016-11-09,1.3421
2016-11-10,1.347
2016-11-14,1.3556
2016-11-15,1.3449
2016-11-16,1.3443
2016-11-17,1.3523
2016-11-18,1.3501
2016-11-21,1.3418
2016-11-22,1.3442
2016-11-23,1.3488
2016-11-25,1.353
2016-11-28,1.3412
2016-11-29,1.3432
2016-11-30,1.3435
2016-12-01,1.3315
2016-12-02,1.3294
2016-12-05,1.3268
2016-12-06,1.3277
2016-12-07,1.3233
2016-12-08,1.3192
2016-12-09,1.3179
2016-12-12,1.3131
2016-12-13,1.3129
2016-12-14,1.3281
2016-12-15,1.3336
2016-12-16,1.3336
2016-12-19,1.3408
2016-12-20,1.3369
2016-12-21,1.3413
2016-12-22,1.3483
2016-12-23,1.3536
2016-12-28,1.3561
2016-12-29,1.3503
2016-12-30,1.3433
2017-01-03,1.343
2017-01-04,1.3301
2017-01-05,1.3225
2017-01-06,1.3236
2017-01-09,1.3216
2017-01-10,1.3232
2017-01-11,1.3178
2017-01-12,1.3145
2017-01-13,1.3113
2017-01-17,1.3043
2017-01-18,1.327
2017-01-19,1.3319
2017-01-20,1.3322
2017-01-23,1.3237
2017-01-24,1.3159
2017-01-25,1.3071
2017-01-26,1.309
2017-01-27,1.3153
2017-01-30,1.3117
2017-01-31,1.303
2017-02-01,1.3049
2017-02-02,1.3026
2017-02-03,1.3023
2017-02-06,1.3082
2017-02-07,1.3183
2017-02-08,1.3144
2017-02-09,1.3145
2017-02-10,1.3081
2017-02-13,1.3072
2017-02-14,1.3077
2017-02-15,1.3079
2017-02-16,1.3071
2017-02-17,1.3099
2017-02-21,1.3141
2017-02-22,1.3164
2017-02-23,1.3105
2017-02-24,1.3091
2017-02-27,1.3182
2017-02-28,1.33
2017-03-01,1.3326
2017-03-02,1.3391
2017-03-03,1.3377
2017-03-06,1.3411
2017-03-07,1.3414
2017-03-08,1.3493
2017-03-09,1.351
2017-03-10,1.3471
2017-03-13,1.3446
2017-03-14,1.348
2017-03-15,1.3304
2017-03-16,1.3319
2017-03-17,1.335
2017-03-20,1.3348
2017-03-21,1.3352
2017-03-22,1.3328
2017-03-23,1.3351
2017-03-24,1.3379
2017-03-27,1.3377
2017-03-28,1.3383
2017-03-29,1.3326
2017-03-30,1.3343
2017-03-31,1.3313
2017-04-03,1.338
2017-04-04,1.3402
2017-04-05,1.3435
2017-04-06,1.3414
2017-04-07,1.3406
2017-04-10,1.3327
2017-04-11,1.3325
2017-04-12,1.3253
2017-04-13,1.3329
2017-04-17,1.3317
2017-04-18,1.3377
2017-04-19,1.3485
2017-04-20,1.347
2017-04-21,1.3499
2017-04-24,1.3501
2017-04-25,1.3572
2017-04-26,1.3615
2017-04-27,1.3633
2017-04-28,1.3652
2017-05-01,1.3681
2017-05-02,1.3709
2017-05-03,1.3729
2017-05-04,1.3749
2017-05-05,1.3652
2017-05-08,1.369
2017-05-09,1.372
2017-05-10,1.3655
2017-05-11,1.3697
2017-05-12,1.371
2017-05-15,1.3632
2017-05-16,1.3606
2017-05-17,1.3603
2017-05-18,1.3603
2017-05-19,1.3514
2017-05-23,1.3515
2017-05-24,1.3408
2017-05-25,1.3484
2017-05-26,1.3446
2017-05-30,1.346
2017-05-31,1.3501
2017-06-01,1.3515
2017-06-02,1.3482
2017-06-05,1.3473
2017-06-06,1.3455
2017-06-07,1.3509
2017-06-08,1.3508
2017-06-09,1.347
2017-06-12,1.3324
2017-06-13,1.3242
2017-06-14,1.3247
2017-06-15,1.327
2017-06-16,1.3212
2017-06-19,1.3218
2017-06-20,1.3267
2017-06-21,1.3334
2017-06-22,1.3234
2017-06-23,1.3267
2017-06-26,1.3243
2017-06-27,1.3199
2017-06-28,1.3039
2017-06-29,1.3004
2017-06-30,1.2965
2017-07-05,1.2957
2017-07-06,1.2978
2017-07-07,1.2876
2017-07-10,1.2891
2017-07-11,1.2914
2017-07-12,1.275
2017-07-13,1.2722
2017-07-14,1.2643
2017-07-17,1.2698
2017-07-18,1.2628
2017-07-19,1.2606
2017-07-20,1.259
2017-07-21,1.2539
2017-07-24,1.2509
2017-07-25,1.2509
2017-07-26,1.2445
2017-07-27,1.2553
2017-07-28,1.2434
2017-07-31,1.2479
2017-08-01,1.2536
2017-08-02,1.2566
2017-08-03,1.2586
2017-08-04,1.2652
2017-08-08,1.2667
2017-08-09,1.27
2017-08-10,1.2744
2017-08-11,1.2683
2017-08-14,1.2721
2017-08-15,1.2757
2017-08-16,1.2616
2017-08-17,1.2679
2017-08-18,1.2586
2017-08-21,1.2559
2017-08-22,1.2561
2017-08-23,1.2555
2017-08-24,1.2518
2017-08-25,1.2481
2017-08-28,1.2508
2017-08-29,1.2511
2017-08-30,1.2621
2017-08-31,1.2482
2017-09-01,1.2396
2017-09-05,1.2372
2017-09-06,1.2225
2017-09-07,1.2113
2017-09-08,1.2154
2017-09-11,1.211
2017-09-12,1.2184
2017-09-13,1.2173
2017-09-14,1.2164
2017-09-15,1.2194
2017-09-18,1.229
2017-09-19,1.229
2017-09-20,1.2321
2017-09-21,1.2327
2017-09-22,1.2338
2017-09-25,1.2371
2017-09-26,1.2347
2017-09-27,1.2474
2017-09-28,1.2426
2017-09-29,1.247
2017-10-02,1.2509
2017-10-03,1.2488
2017-10-04,1.2473
2017-10-05,1.2565
2017-10-06,1.2536
2017-10-10,1.2515
2017-10-11,1.246
2017-10-12,1.2474
2017-10-13,1.2468
2017-10-16,1.2518
2017-10-17,1.252
2017-10-18,1.2467
2017-10-19,1.2486
2017-10-20,1.2626
2017-10-23,1.2652
2017-10-24,1.2675
2017-10-25,1.2796
2017-10-26,1.2847
2017-10-27,1.2808
2017-10-30,1.283
2017-10-31,1.2886
2017-11-01,1.2868
2017-11-02,1.2808
2017-11-03,1.2763
2017-11-06,1.2704
2017-11-07,1.2774
2017-11-08,1.2727
2017-11-09,1.2683
2017-11-10,1.2682
2017-11-14,1.2731
2017-11-15,1.2764
2017-11-16,1.2757
2017-11-17,1.2763
2017-11-20,1.282
2017-11-21,1.2778
2017-11-22,1.2693
2017-11-24,1.2715
2017-11-27,1.2769
2017-11-28,1.2816
2017-11-29,1.2865
2017-11-30,1.2896
2017-12-01,1.2683
2017-12-04,1.267
2017-12-05,1.2688
2017-12-06,1.279
2017-12-07,1.2851
2017-12-08,1.2845
2017-12-11,1.2856
2017-12-12,1.2862
2017-12-13,1.2815
2017-12-14,1.2796
2017-12-15,1.2862
2017-12-18,1.2862
2017-12-19,1.2878
2017-12-20,1.2836
2017-12-21,1.2738
2017-12-22,1.2733
2017-12-27,1.2655
2017-12-28,1.2569
2017-12-29,1.2579
2018-01-02,1.2513
2018-01-03,1.2533
2018-01-04,1.2487
2018-01-05,1.2409
2018-01-08,1.2421
2018-01-09,1.2464
2018-01-10,1.2547
2018-01-11,1.2519
2018-01-12,1.2457
2018-01-16,1.2435
2018-01-17,1.2436
2018-01-18,1.2418
2018-01-19,1.2489
2018-01-22,1.2444
2018-01-23,1.2416
2018-01-24,1.2349
2018-01-25,1.2382
2018-01-26,1.2311
2018-01-29,1.2338
2018-01-30,1.2334
2018-01-31,1.2315
2018-02-01,1.2268
2018-02-02,1.2426
2018-02-05,1.2539
2018-02-06,1.2491
2018-02-07,1.2569
2018-02-08,1.2603
2018-02-09,1.2578
2018-02-12,1.2575
2018-02-13,1.2592
2018-02-14,1.249
2018-02-15,1.2478
2018-02-16,1.2557
2018-02-20,1.2646
2018-02-21,1.2703
2018-02-22,1.2705
2018-02-23,1.263
2018-02-26,1.2681
2018-02-27,1.2776
2018-02-28,1.2832
2018-03-01,1.2839
2018-03-02,1.288
2018-03-05,1.2964
2018-03-06,1.2876
2018-03-07,1.2912
2018-03-08,1.2896
2018-03-09,1.2812
2018-03-12,1.2839
2018-03-13,1.2965
2018-03-14,1.2955
2018-03-15,1.3053
2018-03-16,1.3097
2018-03-19,1.3077
2018-03-20,1.3072
2018-03-21,1.2903
2018-03-22,1.294
2018-03-23,1.2893
2018-03-26,1.2841
2018-03-27,1.2883
2018-03-28,1.2923
2018-03-29,1.2884
2018-04-02,1.2913
2018-04-03,1.2807
2018-04-04,1.277
2018-04-05,1.2749
2018-04-06,1.2784
2018-04-09,1.2698
2018-04-10,1.2603
2018-04-11,1.258
2018-04-12,1.2584
2018-04-13,1.2613
2018-04-16,1.2565
2018-04-17,1.2548
2018-04-18,1.2629
2018-04-19,1.2672
2018-04-20,1.2759
2018-04-23,1.2849
2018-04-24,1.2833
2018-04-25,1.2843
2018-04-26,1.2867
2018-04-27,1.2828
2018-04-30,1.284
2018-05-01,1.2848
2018-05-02,1.2884
2018-05-03,1.2847
2018-05-04,1.2846
2018-05-07,1.2881
2018-05-08,1.295
2018-05-09,1.2854
2018-05-10,1.2767
2018-05-11,1.2793
2018-05-14,1.2813
2018-05-15,1.2874
2018-05-16,1.2787
2018-05-17,1.2807
2018-05-18,1.2882
2018-05-22,1.2819
2018-05-23,1.2831
2018-05-24,1.2882
2018-05-25,1.2972
2018-05-29,1.3018
2018-05-30,1.2873
2018-05-31,1.2958
2018-06-01,1.2949
2018-06-04,1.2929
2018-06-05,1.2971
2018-06-06,1.2944
2018-06-07,1.2972
2018-06-08,1.2926
2018-06-11,1.2977
2018-06-12,1.3015
2018-06-13,1.2986
2018-06-14,1.3103
2018-06-15,1.3202
2018-06-18,1.32
2018-06-19,1.3284
2018-06-20,1.3312
2018-06-21,1.3314
2018-06-22,1.3272
2018-06-25,1.3295
2018-06-26,1.331
2018-06-27,1.3339
2018-06-28,1.3246
2018-06-29,1.3132
2018-07-03,1.3139
2018-07-05,1.3133
2018-07-06,1.3082
2018-07-09,1.311
2018-07-10,1.3111
2018-07-11,1.3206
2018-07-12,1.3154
2018-07-13,1.3161
2018-07-16,1.3135
2018-07-17,1.319
2018-07-18,1.3171
2018-07-19,1.327
2018-07-20,1.315
2018-07-23,1.3173
2018-07-24,1.3154
2018-07-25,1.3046
2018-07-26,1.3074
2018-07-27,1.3053
2018-07-30,1.3036
2018-07-31,1.3007
2018-08-01,1.3005
2018-08-02,1.3023
2018-08-03,1.299
2018-08-07,1.3053
2018-08-08,1.3023
2018-08-09,1.305
2018-08-10,1.3145
2018-08-13,1.3134
2018-08-14,1.3056
2018-08-15,1.3142
2018-08-16,1.3153
2018-08-17,1.306
2018-08-20,1.3047
2018-08-21,1.3036
2018-08-22,1.2997
2018-08-23,1.3082
2018-08-24,1.3029
2018-08-27,1.2965
2018-08-28,1.2931
2018-08-29,1.2904
2018-08-30,1.2981
2018-08-31,1.3039
2018-09-04,1.3188
2018-09-05,1.3175
2018-09-06,1.314
2018-09-07,1.3156
2018-09-10,1.3164
2018-09-11,1.3067
2018-09-12,1.2997
2018-09-13,1.2998
2018-09-14,1.3033
2018-09-17,1.3044
2018-09-18,1.2974
2018-09-19,1.2915
2018-09-20,1.2903
2018-09-21,1.2915
2018-09-24,1.2956
2018-09-25,1.2953
2018-09-26,1.3019
2018-09-27,1.3042
2018-09-28,1.2906
2018-10-01,1.2812
2018-10-02,1.2823
2018-10-03,1.2869
2018-10-04,1.2925
2018-10-05,1.2937
2018-10-09,1.2947
2018-10-10,1.3068
2018-10-11,1.3029
2018-10-12,1.3022
2018-10-15,1.2992
2018-10-16,1.2934
2018-10-17,1.3018
2018-10-18,1.3086
2018-10-19,1.3099
2018-10-22,1.3101
2018-10-23,1.3084
2018-10-24,1.3054
2018-10-25,1.3071
2018-10-26,1.3107
2018-10-29,1.3135
2018-10-30,1.3107
2018-10-31,1.3155
2018-11-01,1.3087
2018-11-02,1.3109
2018-11-05,1.311
2018-11-06,1.3124
2018-11-07,1.3112
2018-11-08,1.3152
2018-11-09,1.3211
2018-11-13,1.3236
2018-11-14,1.3239
2018-11-15,1.3178
2018-11-16,1.3146
2018-11-19,1.3171
2018-11-20,1.3306
2018-11-21,1.3231
2018-11-23,1.3237
2018-11-26,1.3252
2018-11-27,1.3295
2018-11-28,1.3276
2018-11-29,1.3283
2018-11-30,1.3296
2018-12-03,1.3197
2018-12-04,1.3261
2018-12-06,1.338
2018-12-07,1.3321
2018-12-10,1.3395
2018-12-11,1.339
2018-12-12,1.3351
2018-12-13,1.3352
2018-12-14,1.3384
2018-12-17,1.3405
2018-12-18,1.3465
2018-12-19,1.3485
2018-12-20,1.3509
2018-12-21,1.36
2018-12-24,1.3606
2018-12-27,1.3618
2018-12-28,1.3639
2018-12-31,1.3638
2019-01-02,1.3578
2019-01-03,1.3489
2019-01-04,1.3374
2019-01-07,1.3298
2019-01-08,1.3274
2019-01-09,1.3209
2019-01-10,1.3236
2019-01-11,1.3266
2019-01-14,1.3286
2019-01-15,1.3265
2019-01-16,1.3255
2019-01-17,1.3277
2019-01-18,1.3259
2019-01-22,1.3354
2019-01-23,1.334
2019-01-24,1.3349
2019-01-25,1.3219
2019-01-28,1.3264
2019-01-29,1.3267
2019-01-30,1.3149
2019-01-31,1.3124
2019-02-01,1.3098
2019-02-04,1.311
2019-02-05,1.3124
2019-02-06,1.3212
2019-02-07,1.3306
2019-02-08,1.3276
2019-02-11,1.3304
2019-02-12,1.3235
2019-02-13,1.3252
2019-02-14,1.3293
2019-02-15,1.3243
2019-02-19,1.3206
2019-02-20,1.3174
2019-02-21,1.323
2019-02-22,1.3136
2019-02-25,1.3188
2019-02-26,1.3166
2019-02-27,1.3154
2019-02-28,1.3166
2019-03-01,1.3295
2019-03-04,1.3302
2019-03-05,1.3345
2019-03-06,1.344
2019-03-07,1.3453
2019-03-08,1.3413
2019-03-11,1.3389
2019-03-12,1.3352
2019-03-13,1.3304
2019-03-14,1.3333
2019-03-15,1.3334
2019-03-18,1.3334
2019-03-19,1.3319
2019-03-20,1.3304
2019-03-21,1.3358
2019-03-22,1.3426
2019-03-25,1.3401
2019-03-26,1.3381
2019-03-27,1.3409
2019-03-28,1.3437
2019-03-29,1.3344
2019-04-01,1.3306
2019-04-02,1.3337
2019-04-03,1.3343
2019-04-04,1.3358
2019-04-05,1.3382
2019-04-08,1.3313
2019-04-09,1.3328
2019-04-10,1.332
2019-04-11,1.3384
2019-04-12,1.332
2019-04-15,1.3362
2019-04-16,1.3349
2019-04-17,1.3338
2019-04-18,1.3374
2019-04-22,1.3342
2019-04-23,1.3422
2019-04-24,1.3489
2019-04-25,1.3485
2019-04-26,1.3453
2019-04-29,1.3456
2019-04-30,1.3386
2019-05-01,1.3441
2019-05-02,1.3472
2019-05-03,1.342
2019-05-06,1.3446
2019-05-07,1.3472
2019-05-08,1.3477
2019-05-09,1.3477
2019-05-10,1.3412
2019-05-13,1.3475
2019-05-14,1.3459
2019-05-15,1.3437
2019-05-16,1.3457
2019-05-17,1.3455
2019-05-21,1.3405
2019-05-22,1.3429
2019-05-23,1.3472
2019-05-24,1.3436
2019-05-28,1.349
2019-05-29,1.3519
2019-05-30,1.3498
2019-05-31,1.3512
2019-06-03,1.3433
2019-06-04,1.339
2019-06-05,1.3412
2019-06-06,1.3361
2019-06-07,1.3265
2019-06-10,1.3265
2019-06-11,1.3279
2019-06-12,1.3341
2019-06-13,1.3324
2019-06-14,1.3411
2019-06-17,1.3411
2019-06-18,1.3376
2019-06-19,1.3278
2019-06-20,1.3189
2019-06-21,1.3221
2019-06-24,1.3177
2019-06-25,1.3167
2019-06-26,1.3125
2019-06-27,1.3095
2019-06-28,1.309
2019-07-02,1.3104
2019-07-03,1.3053
2019-07-05,1.3075
2019-07-08,1.3092
2019-07-09,1.3125
2019-07-10,1.308
2019-07-11,1.3072
2019-07-12,1.3029
2019-07-15,1.3047
2019-07-16,1.3086
2019-07-17,1.3047
2019-07-18,1.3025
2019-07-19,1.306
2019-07-22,1.3118
2019-07-23,1.3132
2019-07-24,1.3139
2019-07-25,1.3161
2019-07-26,1.3166
2019-07-29,1.3161
2019-07-30,1.3146
2019-07-31,1.3189
2019-08-01,1.3211
2019-08-02,1.3204
2019-08-06,1.3278
2019-08-07,1.33
2019-08-08,1.3224
2019-08-09,1.3226
2019-08-12,1.3238
2019-08-13,1.3221
2019-08-14,1.3317
2019-08-15,1.3308
2019-08-16,1.327
2019-08-19,1.3323
2019-08-20,1.3314
2019-08-21,1.3289
2019-08-22,1.3302
2019-08-23,1.3278
2019-08-26,1.3253
2019-08-27,1.328
2019-08-28,1.3305
2019-08-29,1.3284
2019-08-30,1.331
2019-09-03,1.3332
2019-09-04,1.3222
2019-09-05,1.3227
2019-09-06,1.317
2019-09-09,1.3166
2019-09-10,1.3149
2019-09-11,1.3191
2019-09-12,1.3209
2019-09-13,1.3283
2019-09-16,1.3235
2019-09-17,1.3241
2019-09-18,1.3284
2019-09-19,1.326
2019-09-20,1.3259
2019-09-23,1.3261
2019-09-24,1.324
2019-09-25,1.3266
2019-09-26,1.3268
2019-09-27,1.3244
2019-09-30,1.3239
2019-10-01,1.3218
2019-10-02,1.3321
2019-10-03,1.3335
2019-10-04,1.3313
2019-10-07,1.3307
2019-10-08,1.3324
2019-10-09,1.333
2019-10-10,1.329
2019-10-11,1.3196
2019-10-15,1.3197
2019-10-16,1.3201
2019-10-17,1.3135
2019-10-18,1.3124
2019-10-21,1.3084
2019-10-22,1.3091
2019-10-23,1.3067
2019-10-24,1.3071
2019-10-25,1.3058
2019-10-28,1.305
2019-10-29,1.3085
2019-10-30,1.3156
2019-10-31,1.3159
2019-11-01,1.3134
2019-11-04,1.3149
2019-11-05,1.3154
2019-11-06,1.318
2019-11-07,1.3169
2019-11-08,1.3228
2019-11-11,1.3231
2019-11-12,1.3231
2019-11-13,1.3249
2019-11-14,1.3245
2019-11-18,1.3206
2019-11-19,1.3266
2019-11-20,1.3303
2019-11-21,1.3285
2019-11-22,1.3301
2019-11-25,1.3297
2019-11-26,1.327
2019-11-27,1.3281
2019-11-29,1.3275
2019-12-02,1.3308
2019-12-03,1.3294
2019-12-04,1.3199
2019-12-05,1.3173
2019-12-06,1.3255
2019-12-09,1.3237
2019-12-10,1.3225
2019-12-11,1.3171
2019-12-12,1.3182
2019-12-13,1.3165
2019-12-16,1.315
2019-12-17,1.3158
2019-12-18,1.3113
2019-12-19,1.3125
2019-12-20,1.3146
2019-12-23,1.3143
2019-12-24,1.3165
2019-12-27,1.3076
2019-12-30,1.3064
2019-12-31,1.2986
2020-01-02,1.2978
2020-01-03,1.2999
2020-01-06,1.2963
2020-01-07,1.3003
2020-01-08,1.3037
2020-01-09,1.3054
2020-01-10,1.305
2020-01-13,1.3056
2020-01-14,1.306
2020-01-15,1.3041
2020-01-16,1.304
2020-01-17,1.3063
2020-01-21,1.3067
2020-01-22,1.3134
2020-01-23,1.3122
2020-01-24,1.3142
2020-01-27,1.3192
2020-01-28,1.3155
2020-01-29,1.3196
2020-01-30,1.3208
2020-01-31,1.3235
2020-02-03,1.3284
2020-02-04,1.3272
2020-02-05,1.3278
2020-02-06,1.3284
2020-02-07,1.3311
2020-02-10,1.3315
2020-02-11,1.3286
2020-02-12,1.3249
2020-02-13,1.3267
2020-02-14,1.3252
2020-02-18,1.3256
2020-02-19,1.3218
2020-02-20,1.3259
2020-02-21,1.3222
2020-02-24,1.3292
2020-02-25,1.3277
2020-02-26,1.333
2020-02-27,1.3388
2020-02-28,1.3396
2020-03-02,1.3322
2020-03-03,1.3385
2020-03-04,1.3384
2020-03-05,1.3405
2020-03-06,1.3423
2020-03-09,1.3701
2020-03-10,1.3722
2020-03-11,1.3776
2020-03-12,1.3926
2020-03-13,1.3803
2020-03-16,1.4016
2020-03-17,1.4199
2020-03-18,1.4503
2020-03-19,1.451
2020-03-20,1.4362
2020-03-23,1.4496
2020-03-24,1.4459
2020-03-25,1.419
2020-03-26,1.4016
2020-03-27,1.3977
2020-03-30,1.4169
2020-03-31,1.4059
2020-04-01,1.4188
2020-04-02,1.4131
2020-04-03,1.4201
2020-04-06,1.4109
2020-04-07,1.3993
2020-04-08,1.4012
2020-04-09,1.3973
2020-04-13,1.3902
2020-04-14,1.3881
2020-04-15,1.4111
2020-04-16,1.4079
2020-04-17,1.3998
2020-04-20,1.4145
2020-04-21,1.4207
2020-04-22,1.4159
2020-04-23,1.4071
2020-04-24,1.4102
2020-04-27,1.4029
2020-04-28,1.3993
2020-04-29,1.3877
2020-04-30,1.3941
2020-05-01,1.4084
2020-05-04,1.4083
2020-05-05,1.4045
2020-05-06,1.4143
2020-05-07,1.397
2020-05-08,1.3925
2020-05-11,1.4006
2020-05-12,1.4077
2020-05-13,1.4099
2020-05-14,1.4048
2020-05-15,1.4108
2020-05-19,1.3941
2020-05-20,1.39
2020-05-21,1.3952
2020-05-22,1.3994
2020-05-26,1.3777
2020-05-27,1.375
2020-05-28,1.3761
2020-05-29,1.3769
2020-06-01,1.3571
2020-06-02,1.3516
2020-06-03,1.3493
2020-06-04,1.3498
2020-06-05,1.3424
2020-06-08,1.3382
2020-06-09,1.3414
2020-06-10,1.3411
2020-06-11,1.3624
2020-06-12,1.3583
2020-06-15,1.357
2020-06-16,1.3542
2020-06-17,1.3563
2020-06-18,1.3599
2020-06-19,1.3603
2020-06-22,1.352
2020-06-23,1.3545
2020-06-24,1.3637
2020-06-25,1.3636
2020-06-26,1.3688
2020-06-29,1.3657
2020-06-30,1.3573
2020-07-02,1.3563
2020-07-06,1.3536
2020-07-07,1.3602
2020-07-08,1.351
2020-07-09,1.3584
2020-07-10,1.3591
2020-07-13,1.3608
2020-07-14,1.3612
2020-07-15,1.3508
2020-07-16,1.357
2020-07-17,1.3576
2020-07-20,1.3533
2020-07-21,1.3457
2020-07-22,1.3415
2020-07-23,1.3408
2020-07-24,1.3413
2020-07-27,1.3354
2020-07-28,1.3376
2020-07-29,1.334
2020-07-30,1.3422
2020-07-31,1.3413
2020-08-04,1.3317
2020-08-05,1.3264
2020-08-06,1.3304
2020-08-07,1.3383
2020-08-10,1.335
2020-08-11,1.33
2020-08-12,1.3244
2020-08-13,1.322
2020-08-14,1.3266
2020-08-17,1.3214
2020-08-18,1.3167
2020-08-19,1.3213
2020-08-20,1.3182
2020-08-21,1.3175
2020-08-24,1.3216
2020-08-25,1.3168
2020-08-26,1.3139
2020-08-27,1.3123
2020-08-28,1.3097
2020-08-31,1.3045
2020-09-01,1.3062
2020-09-02,1.3042
2020-09-03,1.3126
2020-09-04,1.3061
2020-09-08,1.3232
2020-09-09,1.3141
2020-09-10,1.319
2020-09-11,1.3174
2020-09-14,1.3174
2020-09-15,1.3181
2020-09-16,1.3176
2020-09-17,1.3164
2020-09-18,1.3204
2020-09-21,1.3306
2020-09-22,1.3301
2020-09-23,1.3385
2020-09-24,1.3362
2020-09-25,1.3384
2020-09-28,1.3372
2020-09-29,1.3387
2020-09-30,1.3319
2020-10-01,1.3287
2020-10-02,1.3307
2020-10-05,1.3265
2020-10-06,1.3307
2020-10-07,1.3253
2020-10-08,1.3194
2020-10-09,1.3118
2020-10-14,1.3145
2020-10-15,1.3219
2020-10-16,1.3187
2020-10-19,1.3192
2020-10-20,1.3124
2020-10-21,1.3145
2020-10-22,1.3133
2020-10-23,1.3121
2020-10-26,1.3207
2020-10-27,1.3184
2020-10-28,1.3319
2020-10-29,1.3323
2020-10-30,1.3317
2020-11-02,1.3215
2020-11-03,1.313
2020-11-04,1.3139
2020-11-05,1.3047
2020-11-06,1.3055
2020-11-09,1.3007
2020-11-10,1.3029
2020-11-12,1.3139
2020-11-13,1.3131
2020-11-16,1.3072
2020-11-17,1.3102
2020-11-18,1.3081
2020-11-19,1.3071
2020-11-20,1.3096
2020-11-23,1.3077
2020-11-24,1.2994
2020-11-25,1.3
2020-11-27,1.299
2020-11-30,1.3
2020-12-01,1.2932
2020-12-02,1.2918
2020-12-03,1.286
2020-12-04,1.278
2020-12-07,1.2796
2020-12-08,1.2814
2020-12-09,1.2814
2020-12-10,1.2737
2020-12-11,1.2772
2020-12-14,1.276
2020-12-15,1.2697
2020-12-16,1.2742
2020-12-17,1.2719
2020-12-18,1.2783
2020-12-21,1.2854
2020-12-22,1.2907
2020-12-23,1.2845
2020-12-24,1.2873
2020-12-29,1.2817
2020-12-30,1.2758
2020-12-31,1.273
2021-01-04,1.2777
2021-01-05,1.267
2021-01-06,1.2674
2021-01-07,1.2687
2021-01-08,1.2683
2021-01-11,1.2783
2021-01-12,1.2708
2021-01-13,1.2694
2021-01-14,1.2635
2021-01-15,1.2732
2021-01-19,1.2731
2021-01-20,1.2629
2021-01-21,1.2633
2021-01-22,1.2735
2021-01-25,1.2738
2021-01-26,1.2689
2021-01-27,1.2798
2021-01-28,1.2828
2021-01-29,1.2777
2021-02-01,1.2849
2021-02-02,1.278
2021-02-03,1.2781
2021-02-04,1.2825
2021-02-05,1.2751
2021-02-08,1.2738
2021-02-09,1.2693
2021-02-10,1.2699
2021-02-11,1.2702
2021-02-12,1.2694
2021-02-16,1.2686
2021-02-17,1.2699
2021-02-18,1.2677
2021-02-19,1.261
2021-02-22,1.261
2021-02-23,1.2587
2021-02-24,1.2511
2021-02-25,1.2599
2021-02-26,1.2739
2021-03-01,1.2645
2021-03-02,1.2631
2021-03-03,1.2653
2021-03-04,1.2665
2021-03-05,1.2655
2021-03-08,1.266
2021-03-09,1.2634
2021-03-10,1.2617
2021-03-11,1.2526
2021-03-12,1.2471
2021-03-15,1.2468
2021-03-16,1.2443
2021-03-17,1.24
2021-03-18,1.2484
2021-03-19,1.2497
2021-03-22,1.252
2021-03-23,1.2585
2021-03-24,1.2575
2021-03-25,1.261
2021-03-26,1.2576
2021-03-29,1.2588
2021-03-30,1.2634
2021-03-31,1.2558
2021-04-01,1.2545
2021-04-05,1.2521
2021-04-06,1.2563
2021-04-07,1.2607
2021-04-08,1.2562
2021-04-09,1.2527
2021-04-12,1.2561
2021-04-13,1.2531
2021-04-14,1.252
2021-04-15,1.2541
2021-04-16,1.2504
2021-04-19,1.2532
2021-04-20,1.2607
2021-04-21,1.2496
2021-04-22,1.2504
2021-04-23,1.2475
2021-04-26,1.2395
2021-04-27,1.2393
2021-04-28,1.2312
2021-04-29,1.2279
2021-04-30,1.2289
2021-05-03,1.2276
2021-05-04,1.2309
2021-05-05,1.2264
2021-05-06,1.2148
2021-05-07,1.213
2021-05-10,1.2097
2021-05-11,1.2099
2021-05-12,1.2131
2021-05-13,1.216
2021-05-14,1.2102
2021-05-17,1.2066
2021-05-18,1.2064
2021-05-19,1.2131
2021-05-20,1.2058
2021-05-21,1.2066
2021-05-25,1.2062
2021-05-26,1.2117
2021-05-27,1.2064
2021-05-28,1.2068